t_start_s,src,dst,bytes,tos
2.0017,39,37,279948,0
2.0021,25,26,136530,0
2.0041,28,25,40118,0
2.0064,33,32,157715,0
2.0067,27,36,263254,0
2.0085,28,15,339523,0
2.0097,30,41,48986,0
2.016,13,3,9936,0
2.0161,41,37,133179,0
2.0175,3,24,47554,0
2.0175,25,36,640318,0
2.0234,13,37,505396,0
2.0238,24,5,108768,0
2.0248,9,8,226611,0
2.0259,19,23,52341,0
2.0312,40,38,229985,0
2.0325,33,34,57790,0
2.0343,32,33,246879,0
2.046,30,34,132947,0
2.0462,20,27,879537,0
2.0505,38,0,98479,0
2.0507,31,33,73221,0
2.0523,4,33,505278,0
2.0524,28,26,674007,0
2.0534,1,13,28591,0
2.0539,41,39,752803,0
2.054,22,40,378593,0
2.0549,21,26,33623,0
2.0588,23,6,204185,0
2.0607,31,32,10158,0
2.0661,37,39,65612,0
2.0682,22,21,657165,0
2.072,27,28,2682188,0
2.0754,41,5,2000,0
2.0825,22,20,89761,0
2.0866,8,7,197305,0
2.0887,10,20,80222,0
2.0901,4,1,18880,0
2.0924,8,7,130530,0
2.0959,20,23,31389,0
2.0991,8,0,15413,0
2.1017,31,32,74775,0
2.1117,35,33,54704,0
2.1147,5,39,14218,0
2.1193,33,41,7661,0
2.1195,28,29,104052,0
2.1197,16,13,551150,0
2.1233,10,8,24777,0
2.1261,11,8,6434,0
2.1317,13,32,32255,0
2.1324,40,1,1259981,0
2.1343,14,29,35914,0
2.1346,9,10,569909,0
2.1399,36,38,75227,0
2.1432,27,26,400849,0
2.1454,29,28,328078,0
2.147,22,2,411748,0
2.1511,35,4,74263,0
2.1555,21,20,54663,0
2.1562,8,19,27371,0
2.1567,34,32,27236,0
2.158,22,20,1729751,0
2.1721,19,18,31211,0
2.1764,20,18,116758,0
2.1771,24,26,167802,0
2.1781,13,17,82539,0
2.1892,30,18,154820,0
2.1919,37,5,94061,0
2.1921,20,21,2676,0
2.1985,4,33,338220,0
2.1989,20,19,270605,0
2.199,2,22,8219,0
2.2044,20,5,28961,0
2.2066,0,34,364026,0
2.2066,12,13,22132,0
2.2082,11,8,16678,0
2.2083,7,4,909561,0
2.2085,11,8,348209,0
2.2091,34,35,31698,0
2.2104,39,4,12248,0
2.2134,8,24,83753,0
2.2135,14,32,36081,0
2.2138,23,20,1064325,0
2.2179,33,32,19011,0
2.221,37,7,1473343,0
2.2216,21,30,381156,0
2.2255,26,27,179792,0
2.2264,24,30,102792,0
2.2287,6,9,6949,0
2.2291,40,14,160989,0
2.2325,23,21,64303,0
2.2334,26,29,5345546,0
2.2339,4,34,941310,0
2.2339,33,4,56171,0
2.2342,14,10,150308,0
2.2416,23,22,111124,0
2.2417,31,24,380956,0
2.2437,9,19,15457,0
2.2447,11,40,25639,0
2.2485,23,19,5708940,0
2.2509,11,10,63694,0
2.2541,2,20,67256,0
2.2542,33,32,7512,0
2.2559,39,10,61397,0
2.2578,38,5,30408,0
2.2595,39,40,7426,0
2.2598,0,8,70529,0
2.2638,24,1,18499,0
2.2643,8,0,352980,0
2.2653,25,3,185203,0
2.2679,11,10,416494,0
2.268,17,14,770524,0
2.2778,4,2,47348,0
2.2779,28,12,3450302,0
2.2804,2,21,355190,0
2.2828,37,40,471636,0
2.2857,12,34,198338,0
2.2859,3,11,242824,0
2.2903,7,35,95622,0
2.2917,32,30,105257,0
2.2958,20,19,304158,0
2.2979,37,13,356900,0
2.3005,39,26,272150,0
2.3012,31,32,64332,0
2.3012,6,12,332294,0
2.3022,0,17,41409,0
2.3038,28,24,376943,0
2.3048,26,27,165242,0
2.3103,28,27,48510,0
2.3122,34,22,141316,0
2.3123,21,6,32546,0
2.3127,19,4,24407,0
2.3157,0,21,5297,0
2.3163,41,5,126867,0
2.3166,22,23,65014,0
2.3198,35,34,101945,0
2.3223,0,17,88024,0
2.3236,21,22,134590,0
2.3293,18,2,3671,0
2.334,15,32,77900,0
2.3376,41,36,167814,0
2.3377,24,3,171689,0
2.3408,7,22,353143,0
2.3421,35,34,374856,0
2.3424,13,15,2155824,0
2.3429,18,23,75528,0
2.3435,40,34,259792,0
2.3536,39,37,78701,0
2.3651,14,31,32694,0
2.3678,22,0,132915,0
2.3709,34,33,46793,0
2.3722,33,9,324149,0
2.3727,17,13,352599,0
2.3744,14,1,17920,0
2.3774,2,41,110295,0
2.3782,19,32,1195193,0
2.3784,23,41,1088781,0
2.38,26,29,34776,0
2.3811,22,5,197166,0
2.3821,8,10,1159886,0
2.3864,3,14,49672,0
2.3883,32,33,7231,0
2.3902,3,10,145182,0
2.3914,24,28,342131,0
2.3943,26,29,48437,0
2.3946,20,10,11433,0
2.3972,23,34,31717,0
2.4124,39,5,3302486,0
2.4141,40,19,19708,0
2.4143,35,8,19810,0
2.4146,20,19,1054860,0
2.42,40,5,101715,0
2.4227,0,30,764606,0
2.4287,33,38,70485,0
2.433,14,27,254067,0
2.4382,10,7,59540,0
2.4398,40,26,390984,0
2.44,27,3,336773,0
2.4433,13,1,48094,0
2.4453,3,11,36652,0
2.446,37,11,63327,0
2.4489,9,6,122484,0
2.4514,7,15,726129,0
2.4524,28,27,169470,0
2.4528,34,14,411384,0
2.4533,23,19,108535,0
2.4546,17,40,58389,0
2.464,37,40,34172,0
2.465,2,33,380500,0
2.4661,25,23,328646,0
2.4662,22,23,70989,0
2.4663,31,27,262876,0
2.4663,2,21,13513,0
2.4674,40,36,2000,0
2.471,24,39,120401,0
2.475,22,31,265968,0
2.4768,26,18,28469,0
2.4791,23,19,159835,0
2.4814,10,2,72439,0
2.4822,3,5,263429,0
2.4851,15,30,809865,0
2.4871,17,1,322794,0
2.49,26,21,26279,0
2.4902,9,10,51502,0
2.4916,12,32,3967,0
2.4921,31,23,27434,0
2.4922,34,31,21990,0
2.4932,24,21,37885,0
2.4944,28,26,40664,0
2.5031,34,28,13411,0
2.5043,31,35,11744,0
2.5082,23,2,431947,0
2.509,3,27,87460,0
2.51,25,27,213467,0
2.5119,28,7,429320,0
2.5137,9,11,37403,0
2.5156,18,20,284571,0
2.5159,20,41,71946,0
2.5222,22,23,54173,0
2.5222,24,29,15729,0
2.5236,37,41,80616,0
2.5259,11,10,109510,0
2.5265,40,5,491312,0
2.5288,33,30,8034,0
2.5345,4,32,1541025,0
2.5401,19,15,33092,0
2.5401,33,31,3642783,0
2.5433,31,4,39034,0
2.5461,0,7,605962,0
2.5485,23,15,49159,0
2.5502,10,18,60403,0
2.5513,16,17,34118,0
2.5545,11,7,224766,0
2.5549,1,4,165912,0
2.556,10,6,179552,0
2.5613,4,35,13376,0
2.5654,12,1,105089,0
2.5659,32,21,75534,0
2.5664,28,3,121407,0
2.5666,25,41,6960,0
2.5681,2,22,31736,0
2.5682,16,28,18774,0
2.569,8,38,268988,0
2.5724,19,23,212704,0
2.5733,0,6,71853,0
2.5734,37,35,88130,0
2.5741,16,18,393183,0
2.5762,8,6,175195,0
2.5768,14,15,255285,0
2.5782,7,31,153741,0
2.5811,18,20,11593,0
2.5829,10,7,304421,0
2.5839,26,27,29166,0
2.5899,16,40,312995,0
2.5918,5,36,1058541,0
2.5937,3,27,40340,0
2.5979,26,2,502574,0
2.599,31,35,2200779,0
2.6021,37,40,120945,0
2.6031,19,2,14664,0
2.6049,30,32,401460,0
2.6121,30,32,93178,0
2.6163,3,28,15539,0
2.6185,9,33,34328,0
2.6193,18,22,145905,0
2.6243,29,0,81384,0
2.626,41,30,8336,0
2.6263,40,38,299033,0
2.6274,29,10,60552,0
2.6316,29,3,227333,0
2.6374,21,20,16660,0
2.6379,8,6,84115,0
2.6389,19,37,431381,0
2.6399,12,14,127154,0
2.6418,12,16,19074,0
2.644,33,32,21500,0
2.6459,40,5,73451,0
2.6517,28,3,182379,0
2.6528,40,5,90519,0
2.6538,9,21,48310,0
2.6612,40,18,41975,0
2.6628,36,39,179891,0
2.6642,3,26,1157403,0
2.6647,16,17,195614,0
2.6662,4,33,465322,0
2.6718,32,11,41771,0
2.6733,34,35,30815,0
2.6734,16,5,73519,0
2.676,36,12,103783,0
2.6808,39,5,18148,0
2.6872,24,14,159397,0
2.69,33,35,948358,0
2.691,22,23,74749,0
2.6968,7,9,66929,0
2.702,30,4,41846,0
2.7035,37,40,824089,0
2.705,0,4,76271,0
2.7053,24,27,708710,0
2.7056,13,15,738129,0
2.7131,5,40,98656,0
2.719,6,11,1049044,0
2.7193,28,25,28939,0
2.7264,17,21,131779,0
2.7274,25,4,102482,0
2.7331,22,1,2152913,0
2.7407,39,33,100716,0
2.7443,7,12,65599,0
2.7464,26,30,46202,0
2.7473,28,17,81610,0
2.7489,11,7,64995,0
2.7515,9,11,16522,0
2.754,41,40,28239,0
2.759,24,29,175099,0
2.7684,18,19,19434,0
2.7694,22,20,9791,0
2.7706,1,15,6357,0
2.771,20,35,82532,0
2.7723,0,11,96669,0
2.7729,32,35,73375,0
2.7746,39,2,75033,0
2.777,31,41,1242741,0
2.779,3,24,69866,0
2.7812,34,13,246574,0
2.7858,5,23,680110,0
2.7858,26,3,700774,0
2.7867,29,25,31978,0
2.7873,1,14,86782,0
2.7975,3,17,68672,0
2.8002,37,39,69252,0
2.8027,17,10,105370,0
2.8034,12,14,1151520,0
2.8038,15,17,13210,0
2.8041,28,25,5047,0
2.8044,13,2,163967,0
2.806,24,22,11935750,0
2.8068,26,28,131104,0
2.8104,17,16,455234,0
2.8121,13,36,64519,0
2.8124,16,23,73727,0
2.8142,32,3,57216,0
2.8165,2,34,80733,0
2.819,4,33,232905,0
2.8202,32,4,116515,0
2.8214,35,1,625207,0
2.8269,37,5,1769397,0
2.8291,22,32,11360,0
2.8294,40,5,386401,0
2.8295,20,10,375837,0
2.8329,35,4,61735,0
2.8409,29,16,379747,0
2.8519,4,34,3973,0
2.8584,16,41,193791,0
2.8598,29,33,72274,0
2.8633,7,33,378577,0
2.8647,10,7,612150,0
2.8666,22,23,39185,0
2.8674,37,41,168763,0
2.8681,31,37,63232,0
2.8723,41,5,125500,0
2.8787,10,6,350481,0
2.8823,19,23,215725,0
2.8894,6,11,251314,0
2.8894,20,21,10950,0
2.8897,37,14,50919,0
2.893,26,24,18514,0
2.8957,28,11,87216,0
2.9022,38,0,412086,0
2.9023,38,20,135892,0
2.9051,34,33,417923,0
2.9071,40,5,5477291,0
2.9169,6,11,29546,0
2.9179,39,40,671131,0
2.9193,39,36,4996,0
2.9227,40,7,378959,0
2.9246,27,28,65445,0
2.9256,35,15,22157,0
2.9282,41,36,86780,0
2.9333,39,37,71804,0
2.9356,31,24,12419,0
2.9369,28,3,44481,0
2.9421,39,38,438232,0
2.9422,40,10,116950,0
2.9486,38,36,8690653,0
2.9508,19,20,279397,0
2.9574,0,8,9147,0
2.9598,21,8,359273,0
2.9641,1,12,75360,0
2.9641,26,28,48037,0
2.9704,23,2,4813463,0
2.9742,37,31,668107,0
2.9778,31,17,358941,0
2.981,4,6,762720,0
2.9818,22,11,317017,0
3.004,37,13,66791,0
3.0074,25,0,162392,0
3.0164,7,8,6622,0
3.0216,28,24,9653,0
3.0229,10,17,63267,0
3.0231,17,1,88312,0
3.025,25,6,322271,0
3.0252,10,0,1015991,0
3.0254,0,14,69558,0
3.0298,23,22,99148,0
3.0316,30,31,82594,0
3.0318,24,26,43314,0
3.0324,18,22,84384,0
3.0342,22,21,14197,0
3.0379,37,39,214333,0
3.0423,40,36,55332,0
3.0457,41,3,80407,0
3.0465,19,23,70735,0
3.0471,37,41,17951,0
3.0534,15,21,8385,0
3.0622,39,1,1417773,0
3.0664,4,33,20041,0
3.0724,19,41,144932,0
3.0728,33,27,48220,0
3.073,15,13,421946,0
3.0731,27,25,39293,0
3.0747,38,28,34457,0
3.0751,1,37,139912,0
3.0782,24,12,17407,0
3.0818,10,9,22192,0
3.0847,7,0,63904,0
3.0853,30,31,219911,0
3.0854,29,27,14562,0
3.0876,13,0,5045949,0
3.0904,26,28,13974,0
3.0907,35,9,279102,0
3.0991,2,20,2176370,0
3.1015,16,12,127181,0
3.1028,40,5,8498,0
3.1054,22,21,158674,0
3.1064,32,13,115799,0
3.1082,8,10,124705,0
3.1104,19,20,4766,0
3.1122,41,39,554945,0
3.1166,28,37,9558,0
3.1166,40,38,70021,0
3.117,29,9,222942,0
3.1208,5,1,523903,0
3.1241,39,41,145717,0
3.128,17,13,1403589,0
3.1361,37,39,3020964,0
3.1379,7,6,114177,0
3.1381,31,4,131407,0
3.1403,40,5,288802,0
3.1412,0,8,164101,0
3.1418,30,35,40043,0
3.1434,0,22,23546,0
3.1442,24,29,36877,0
3.1443,24,15,63194,0
3.1444,14,30,112980,0
3.1444,3,26,13697,0
3.145,13,1,146845,0
3.1456,35,32,19696,0
3.1475,20,12,657620,0
3.1486,10,7,1542766,0
3.1499,11,8,5703,0
3.1531,2,22,499077,0
3.1593,28,27,18341,0
3.1612,17,13,62219,0
3.1624,2,21,231371,0
3.1642,29,26,49693,0
3.166,27,24,186849,0
3.1705,41,5,233261,0
3.1771,36,1,38655,0
3.1787,35,34,188101,0
3.1792,41,39,121133,0
3.1795,16,15,176666,0
3.1811,8,20,8526,0
3.1831,11,22,119584,0
3.1837,2,29,5282,0
3.1862,7,36,62412,0
3.1891,37,39,48654,0
3.1892,41,37,81078,0
3.19,34,6,663310,0
3.1913,31,32,50000000,0
3.1918,28,35,377574,0
3.1935,12,15,252767,0
3.1938,41,40,163615,0
3.1952,2,23,44275,0
3.1958,34,32,255672,0
3.2006,17,16,79856,0
3.2007,7,31,72108,0
3.2024,17,5,69953,0
3.2137,12,1,15605,0
3.2157,22,19,21239,0
3.221,18,12,41362,0
3.2222,28,26,2000,0
3.2254,11,26,1872302,0
3.2255,15,13,33995,0
3.2257,23,3,54334,0
3.2298,22,38,5283,0
3.2305,41,5,47051,0
3.238,19,6,36852,0
3.2388,8,21,492243,0
3.2429,24,34,92031,0
3.2429,20,29,9930,0
3.2446,36,39,157879,0
3.2458,1,13,63190,0
3.2467,41,5,478699,0
3.2504,20,39,542052,0
3.2513,3,27,42957,0
3.2515,18,22,51857,0
3.2536,27,2,68119,0
3.2543,36,40,10422,0
3.2601,32,30,650719,0
3.2609,4,35,42546,0
3.2619,27,15,374520,0
3.262,14,13,619688,0
3.2633,1,6,40624,0
3.2648,12,16,36766,0
3.2654,23,19,40654,0
3.2661,11,7,9492,0
3.2673,35,30,1426921,0
3.2678,19,22,89995,0
3.2693,17,15,178539,0
3.2726,10,0,22917,0
3.2755,3,24,388990,0
3.2779,35,3,3574470,0
3.278,22,13,123925,0
3.281,13,1,1061148,0
3.2822,3,24,757430,0
3.2864,38,39,458955,0
3.2877,15,17,99201,0
3.2892,8,35,83678,0
3.2902,31,33,7336,0
3.2932,4,16,18382,0
3.2968,4,21,7629,0
3.3005,25,3,221253,0
3.3033,22,23,4266835,0
3.3042,28,5,205800,0
3.3046,39,5,2000,0
3.3052,17,1,592399,0
3.3087,40,38,84823,0
3.3112,16,34,31768,0
3.3123,13,15,124966,0
3.3137,16,15,50058,0
3.3152,41,37,47671,0
3.3163,18,23,38960,0
3.3182,29,27,732857,0
3.3186,5,7,480446,0
3.3212,0,12,141033,0
3.3216,27,24,4391,0
3.3344,8,10,160848,0
3.3344,9,11,100396,0
3.3376,2,23,18817,0
3.3409,38,5,50596,0
3.3466,1,12,73391,0
3.3509,24,27,144096,0
3.3522,19,21,1116398,0
3.3529,33,34,43649,0
3.353,35,5,84800,0
3.3537,29,25,2000,0
3.359,26,28,342038,0
3.3596,6,11,13616,0
3.3611,4,30,257094,0
3.3642,41,37,20375,0
3.3643,16,1,420315,0
3.3668,18,22,30680,0
3.3695,2,19,96685,0
3.3759,12,40,19293,0
3.3822,29,26,381050,0
3.385,6,31,538557,0
3.3954,12,0,213295,0
3.3994,14,16,41541,0
3.3994,16,1,192599,0
3.4064,15,1,404934,0
3.4082,27,28,43111,0
3.4113,17,39,309708,0
3.4135,5,36,49213,0
3.4169,18,22,15293,0
3.4178,24,15,178847,0
3.4265,1,22,230316,0
3.4318,28,29,34410,0
3.436,1,4,6859,0
3.4365,7,11,39476,0
3.4404,4,38,34426,0
3.4478,34,33,375963,0
3.4554,25,3,100713,0
3.4566,41,9,68560,0
3.4573,14,8,113153,0
3.4583,8,10,216727,0
3.4631,15,30,17617,0
3.4643,17,19,5766,0
3.4689,16,15,69976,0
3.4806,30,11,45409,0
3.481,6,0,36345,0
3.4815,11,26,147003,0
3.4889,35,34,85268,0
3.4914,39,15,133971,0
3.4933,18,2,347738,0
3.4983,4,37,2000,0
3.5006,31,35,74317,0
3.5036,24,3,34864,0
3.5045,5,37,10610,0
3.5111,37,36,166978,0
3.5129,24,27,91977,0
3.5137,35,34,223376,0
3.5158,25,28,131032,0
3.5188,11,21,114028,0
3.5191,39,36,69626,0
3.5196,38,37,58458,0
3.5212,17,1,259998,0
3.5213,36,41,35261,0
3.5216,22,27,623844,0
3.5248,32,6,62018,0
3.5355,6,21,109841,0
3.5393,29,24,100100,0
3.543,7,10,42439,0
3.5447,18,20,13960,0
3.5464,16,17,641578,0
3.5478,29,27,35898,0
3.5541,35,30,144522,0
3.5547,16,12,778191,0
3.5597,8,6,78922,0
3.5691,5,14,96149,0
3.5743,11,5,24427,0
3.5746,28,29,10549,0
3.575,3,6,204968,0
3.5774,0,9,95702,0
3.5794,2,19,90833,0
3.5796,8,41,21058,0
3.5869,15,11,495244,0
3.5872,27,26,19398,0
3.5927,19,1,124106,0
3.5933,13,29,20278,0
3.5968,29,5,73026,0
3.5983,11,7,14332,0
3.6067,7,8,42939,0
3.6078,2,34,386792,0
3.6102,34,25,4278950,0
3.611,15,12,611929,0
3.6111,26,32,74257,0
3.6122,40,33,7916,0
3.6168,38,7,86238,0
3.619,10,11,273516,0
3.6218,12,17,149410,0
3.6303,33,1,19588,0
3.6331,33,35,41437,0
3.6345,29,26,69070,0
3.6393,27,15,81918,0
3.6408,36,38,17062,0
3.6415,1,12,101176,0
3.6419,2,19,202275,0
3.6458,12,0,99891,0
3.6468,38,41,3581,0
3.6527,14,17,307507,0
3.6564,25,22,1783322,0
3.6571,22,2,51379,0
3.6601,10,0,55462,0
3.6649,11,8,20233,0
3.6652,35,0,8586,0
3.6687,12,14,3053428,0
3.6688,17,14,19068,0
3.6695,5,26,17311,0
3.673,1,12,760901,0
3.6764,39,5,47614,0
3.6805,18,21,466362,0
3.6809,33,32,2000,0
3.6814,6,9,10748,0
3.6818,15,12,97812,0
3.69,1,17,47538,0
3.6936,10,7,107731,0
3.6939,35,27,25960,0
3.6999,27,26,306490,0
3.702,8,38,20118,0
3.7022,41,5,307746,0
3.7039,11,8,130670,0
3.7104,16,13,3049755,0
3.7135,14,13,204520,0
3.717,18,33,301211,0
3.7207,2,41,864861,0
3.7288,34,7,161621,0
3.734,27,25,37804,0
3.7362,10,25,1047365,0
3.7403,17,10,62223,0
3.7452,35,31,16987,0
3.7454,29,26,54578,0
3.7457,9,7,128302,0
3.748,41,12,354954,0
3.752,18,22,827655,0
3.7523,20,31,158849,0
3.7534,36,24,34473,0
3.7555,34,33,140890,0
3.7603,25,24,11816,0
3.7603,11,8,1693596,0
3.7609,33,4,284997,0
3.7612,21,18,433785,0
3.7656,9,7,394302,0
3.7671,8,10,172768,0
3.7701,35,34,113035,0
3.7709,32,33,122352,0
3.772,5,37,253775,0
3.7728,31,30,165239,0
3.774,3,20,11547,0
3.7784,2,21,41165,0
3.7799,1,17,12512,0
3.7826,5,37,464424,0
3.7829,4,6,159301,0
3.7835,29,25,288094,0
3.7849,7,15,1039020,0
3.7952,35,30,50167,0
3.7976,16,17,86977,0
3.7983,40,2,142022,0
3.7993,34,4,14153,0
3.8054,39,41,148179,0
3.8068,1,16,24618243,0
3.809,1,4,22522,0
3.8104,9,0,5674,0
3.8125,20,23,43793,0
3.8145,1,12,137576,0
3.8204,24,28,59296,0
3.8207,40,10,8883,0
3.8229,32,31,403563,0
3.8243,29,13,78840,0
3.8244,8,7,1376034,0
3.8264,10,9,17365,0
3.831,2,26,52563,0
3.831,13,15,382609,0
3.8387,21,22,4780922,0
3.8446,5,18,242139,0
3.851,18,23,3634672,0
3.8524,32,34,29320,0
3.8586,8,5,188840,0
3.8609,34,4,2698656,0
3.8633,37,39,765741,0
3.8644,3,29,4306,0
3.8738,35,23,23133,0
3.8781,37,22,155178,0
3.8809,3,22,25780,0
3.884,34,36,20878,0
3.8853,31,8,72094,0
3.8868,41,22,34128,0
3.8882,27,26,39867,0
3.89,16,21,520097,0
3.8906,36,38,347382,0
3.8919,7,6,2285,0
3.895,37,0,92319,0
3.9051,37,5,262298,0
3.9059,21,34,8635,0
3.9062,39,40,16019,0
3.911,25,10,102888,0
3.9118,33,31,152202,0
3.9123,29,25,67114,0
3.9129,41,25,379720,0
3.919,22,13,984628,0
3.919,26,24,214893,0
3.9221,34,4,77400,0
3.9239,13,11,100028,0
3.9269,11,36,65405,0
3.9287,8,22,724523,0
3.9303,41,33,156318,0
3.9318,28,18,259147,0
3.9336,22,23,290928,0
3.9352,5,41,99799,0
3.9379,10,0,442915,0
3.9469,17,15,17181,0
3.9528,22,18,121107,0
3.9531,8,19,253093,0
3.9558,20,24,2158,0
3.9597,30,4,449788,0
3.9615,12,25,463191,0
3.9615,36,7,244112,0
3.9626,33,23,54587,0
3.9655,21,9,5683,0
3.9674,0,26,236530,0
3.9721,14,16,488909,0
3.9724,12,8,287909,0
3.9769,1,16,6746,0
3.9773,28,3,20554,0
3.9783,22,19,935679,0
3.9842,10,26,396150,0
3.9844,1,15,163047,0
3.9871,5,12,35297,0
3.9897,21,22,20819,0
3.9915,32,21,6787,0
3.9918,37,5,94411,0
4.0017,12,16,22042,0
4.0041,29,13,60509,0
4.0054,39,37,309471,0
4.0057,2,21,657948,0
4.0058,38,5,271551,0
4.0072,40,38,69629,0
4.012,18,10,159714,0
4.013,13,14,234394,0
4.0133,37,36,146220,0
4.0139,1,12,11931,0
4.0161,7,19,1118950,0
4.0163,34,32,1111958,0
4.018,35,25,247646,0
4.0182,29,2,190683,0
4.0183,39,36,49327,0
4.0202,35,30,351653,0
4.0215,34,30,125946,0
4.0242,28,25,32270,0
4.0248,40,19,91374,0
4.0309,36,38,92343,0
4.0386,6,11,11045,0
4.04,2,20,69788,0
4.0418,4,21,176782,0
4.0424,30,35,187972,0
4.0433,17,1,159225,0
4.0451,2,1,695730,0
4.0451,33,32,34468,0
4.049,3,25,296596,0
4.0499,1,12,177515,0
4.0553,9,0,925735,0
4.0556,22,20,174569,0
4.0592,33,3,2250,0
4.0604,19,21,119164,0
4.0609,38,5,418616,0
4.062,16,14,13420,0
4.0632,27,25,1095123,0
4.0644,39,19,129371,0
4.0718,4,35,54176,0
4.0737,9,32,1862377,0
4.0738,4,33,582520,0
4.0787,9,10,42881,0
4.0792,38,10,68334,0
4.0826,13,12,23248,0
4.0828,4,35,482484,0
4.0877,27,3,49950,0
4.089,26,27,837471,0
4.0892,34,32,83293,0
4.0893,0,19,18174,0
4.0913,20,19,77132,0
4.0923,36,23,18062,0
4.0968,30,26,355111,0
4.0979,12,11,7129,0
4.0993,16,34,350382,0
4.0993,38,41,17224,0
4.1004,8,2,31647,0
4.1015,17,1,12175,0
4.1016,30,21,1687303,0
4.1076,36,2,126697,0
4.1096,26,24,718976,0
4.1105,15,1,540001,0
4.111,23,2,1129661,0
4.1134,41,31,28258,0
4.1155,14,25,680779,0
4.1173,5,38,147850,0
4.1179,38,5,48243,0
4.12,20,35,4385,0
4.1218,36,40,14225,0
4.1223,26,30,1013764,0
4.1233,29,33,189358,0
4.1263,37,21,6950,0
4.1275,18,37,35617,0
4.1327,8,11,26443,0
4.1396,2,18,219990,0
4.1411,41,14,284285,0
4.1433,40,38,53465,0
4.148,17,16,38640,0
4.1507,32,20,87517,0
4.1507,30,31,118985,0
4.1532,15,14,189987,0
4.154,33,35,6946,0
4.1592,40,37,182630,0
4.1595,30,12,251032,0
4.1609,38,29,372775,0
4.1687,23,19,145639,0
4.1691,13,21,129647,0
4.1707,13,15,4198,0
4.1719,41,36,267404,0
4.1726,0,8,14530,0
4.1753,3,25,54176,0
4.1787,41,40,409130,0
4.1831,40,38,80399,0
4.1839,27,26,3094,0
4.188,14,13,4813,0
4.1909,39,41,5665,0
4.1923,27,26,28653,0
4.1966,40,36,134706,0
4.2031,10,6,24173,0
4.2137,26,34,82825,0
4.2167,3,24,2825274,0
4.2197,0,7,114646,0
4.2253,3,22,9199,0
4.2264,1,37,13937,0
4.2329,2,38,10484,0
4.2335,14,1,12598,0
4.2336,39,5,135243,0
4.2373,17,16,1011540,0
4.2374,9,16,403135,0
4.2406,17,30,982502,0
4.2426,16,1,5734,0
4.2446,4,31,247704,0
4.2454,16,17,26007,0
4.2466,13,0,358876,0
4.2504,9,1,1844560,0
4.2519,4,34,278407,0
4.2559,6,11,186997,0
4.2566,4,31,3648,0
4.2571,2,27,422455,0
4.2576,41,37,382197,0
4.2629,21,20,4811,0
4.2701,25,27,7428242,0
4.2733,1,14,9877,0
4.2764,36,41,543373,0
4.2794,31,4,25858,0
4.2822,6,14,158659,0
4.2847,15,12,1537394,0
4.285,32,34,56352,0
4.2857,27,10,2000,0
4.2898,25,28,47161,0
4.2938,9,11,11494,0
4.2981,14,11,81139,0
4.3008,2,18,60322,0
4.302,39,38,97706,0
4.3063,35,2,11913,0
4.3066,12,32,38462,0
4.3097,25,3,1071057,0
4.3113,5,36,1016983,0
4.3144,41,39,24900,0
4.3248,13,17,356906,0
4.3266,35,7,17365,0
4.3271,31,32,167783,0
4.3275,39,37,514769,0
4.3294,14,17,67043,0
4.3316,18,13,507936,0
4.3318,16,1,10743,0
4.3359,21,13,26439,0
4.3368,23,5,406316,0
4.3387,23,41,248907,0
4.3405,28,26,200010,0
4.3434,17,15,1118607,0
4.3446,3,28,182902,0
4.3473,40,5,1589462,0
4.3511,23,21,410008,0
4.3558,11,8,78940,0
4.3629,30,32,20761,0
4.3639,39,38,567017,0
4.3731,0,9,8027,0
4.3735,38,32,20657,0
4.3738,36,37,500088,0
4.3746,16,17,253132,0
4.3787,23,19,67940,0
4.3796,41,14,271576,0
4.3813,28,33,50531,0
4.384,28,24,111295,0
4.3842,23,22,40574,0
4.391,37,40,41716,0
4.394,3,31,1953802,0
4.3946,22,2,300257,0
4.3978,40,37,89772,0
4.4006,12,29,202852,0
4.412,22,18,164183,0
4.4123,27,25,1854369,0
4.4134,2,19,41520,0
4.414,12,1,126868,0
4.4146,32,7,8266,0
4.4169,16,1,248238,0
4.4192,30,31,10032,0
4.4198,26,4,905663,0
4.4342,41,37,39774,0
4.4459,18,20,56412,0
4.4569,31,5,4463,0
4.4586,12,11,21010,0
4.4592,4,35,223545,0
4.4611,31,7,346920,0
4.4627,9,24,608919,0
4.4642,25,22,156351,0
4.468,13,6,1293182,0
4.4692,1,17,537704,0
4.4719,41,5,41045,0
4.4769,9,6,340441,0
4.4776,27,3,264416,0
4.4801,22,2,453404,0
4.4811,34,4,4074,0
4.4833,30,37,19773,0
4.4848,33,35,346214,0
4.4864,7,9,238587,0
4.4902,10,29,90054,0
4.4908,9,8,274248,0
4.4915,34,27,84000,0
4.4931,2,19,231789,0
4.4955,25,29,391456,0
4.4956,26,25,104761,0
4.4973,40,5,10171,0
4.4992,32,11,539078,0
4.0005,2,21,21169,0
4.001,24,27,29666,0
4.0017,11,0,896352,0
4.0024,33,2,304351,0
4.0031,41,37,2488512,0
4.0041,8,6,326468,0
4.0056,22,17,44512,0
4.0057,40,16,249997,0
4.0063,36,39,100561,0
4.0075,41,17,79588,0
4.0088,17,14,137150,0
4.0113,1,17,63640,0
4.0117,0,35,99987,0
4.0117,1,13,569873,0
4.0118,15,38,18898,0
4.0127,22,17,146818,0
4.0143,39,36,105224,0
4.0197,37,39,155861,0
4.0201,7,25,85125,0
4.0204,40,5,282468,0
4.0207,16,15,877590,0
4.0208,5,39,59742,0
4.0209,12,16,27433,0
4.0214,10,0,13397,0
4.022,30,29,731296,0
4.0228,18,20,41037,0
4.023,21,22,472266,0
4.0231,31,30,750871,0
4.0241,14,16,257293,0
4.0243,36,41,42674,0
4.0245,40,36,8327,0
4.028,34,32,13800,0
4.0284,13,1,87318,0
4.0286,24,25,37212,0
4.0299,9,8,28883,0
4.0303,41,40,174422,0
4.0334,30,29,190180,0
4.0336,24,22,6088,0
4.0337,41,39,51426,0
4.0346,33,24,253163,0
4.0353,4,34,1471443,0
4.0354,3,28,30270,0
4.0362,4,41,9127,0
4.0364,17,14,21034,0
4.0366,21,20,1272912,0
4.0376,41,40,459811,0
4.0382,13,7,411102,0
4.0418,29,24,40704,0
4.0419,2,22,876763,0
4.0421,21,23,63162,0
4.0424,25,29,1010023,0
4.0427,4,6,6293201,0
4.0445,13,6,60594,0
4.0457,14,16,135389,0
4.0471,36,15,7758,0
4.0472,41,17,1225707,0
4.0478,4,13,101077,0
4.0481,4,25,1210766,0
4.0498,25,26,4925,0
4.0524,32,38,95112,0
4.0561,12,32,23249,0
4.058,30,33,28690,0
4.0583,19,23,3308911,0
4.0596,27,17,90016,0
4.0597,4,40,357824,0
4.0597,0,8,254786,0
4.0599,13,16,79815,0
4.0617,39,40,1949689,0
4.0627,20,2,3863752,0
4.0644,10,11,160157,0
4.0648,41,38,211508,0
4.065,15,30,252957,0
4.0658,7,0,117965,0
4.0658,19,18,78215,0
4.0665,37,5,209889,0
4.0696,35,4,282598,0
4.0708,35,34,137423,0
4.0725,0,31,59396,0
4.0728,28,25,11007,0
4.0729,15,17,34725,0
4.0742,26,24,77000,0
4.0748,30,35,3787672,0
4.0749,39,5,19449,0
4.0759,36,41,474651,0
4.0763,14,5,180805,0
4.0764,10,39,114751,0
4.0764,3,18,101100,0
4.0768,40,5,176207,0
4.0773,41,38,35608,0
4.0799,1,15,162606,0
4.0802,38,37,130896,0
4.0833,24,26,38710,0
4.0833,10,4,128822,0
4.0846,20,33,24081,0
4.0847,31,14,889636,0
4.0848,28,29,42967,0
4.0851,37,41,56874,0
4.0871,41,37,23528,0
4.0877,41,38,51722,0
4.0891,36,38,133985,0
4.0892,24,3,4422808,0
4.0894,7,33,13719,0
4.0897,28,18,564729,0
4.092,34,15,78282,0
4.0926,25,14,619825,0
4.0937,41,40,351622,0
4.0945,11,21,3826,0
4.097,30,20,40314,0
4.099,40,41,161075,0
4.0992,34,5,32213,0
4.0993,35,34,135920,0
4.0994,8,36,1965852,0
4.1022,33,32,93143,0
4.1028,9,35,120767,0
4.1037,16,13,59824,0
4.1038,19,22,42381,0
4.1044,41,24,1528403,0
4.1047,25,14,240456,0
4.1065,22,28,722428,0
4.1081,40,36,279789,0
4.1081,4,33,2869,0
4.1081,19,3,169733,0
4.1088,17,12,849408,0
4.1089,29,21,60868,0
4.1096,31,33,3636,0
4.1105,4,31,77097,0
4.1113,4,32,411716,0
4.1115,17,14,648919,0
4.1116,25,26,21882,0
4.1119,39,33,15721,0
4.1141,30,31,14410,0
4.1143,10,11,13880,0
4.1151,34,31,135583,0
4.1151,38,31,180022,0
4.1152,23,34,69482,0
4.1156,14,13,40035,0
4.1176,31,32,78042,0
4.1195,30,31,208006,0
4.1214,11,10,192501,0
4.1221,17,24,40788,0
4.1239,39,15,86906,0
4.1239,35,39,228123,0
4.125,1,16,279713,0
4.1267,29,34,85661,0
4.1272,33,24,158795,0
4.1275,27,24,4709170,0
4.1275,4,34,2000,0
4.1287,7,0,51652,0
4.1292,30,24,133080,0
4.1296,38,37,35213,0
4.1301,24,28,24419,0
4.1306,19,2,30956,0
4.1311,3,34,376603,0
4.1311,8,11,386165,0
4.1321,3,25,6984,0
4.133,24,3,29873,0
4.133,8,27,99360,0
4.1344,2,21,57296,0
4.1378,29,27,535477,0
4.138,26,3,5386,0
4.1383,16,4,767739,0
4.1388,0,11,313833,0
4.139,24,23,5895,0
4.1416,23,19,154385,0
4.1424,17,32,36277,0
4.1431,41,37,87461,0
4.1434,0,14,290478,0
4.1443,25,27,246952,0
4.1443,5,36,29890,0
4.1445,9,6,835348,0
4.1445,16,11,51977,0
4.1461,21,40,590578,0
4.1462,8,16,8287899,0
4.1479,40,37,988393,0
4.1486,7,0,284551,0
4.1502,0,40,25248,0
4.1508,27,1,27053,0
4.1531,38,29,25071,0
4.1533,40,17,1534065,0
4.1533,38,13,10479,0
4.1534,30,2,638102,0
4.1534,3,26,66750,0
4.1542,7,6,60835,0
4.1547,11,0,703394,0
4.1555,1,13,404390,0
4.1582,39,38,44627,0
4.1602,25,2,62126,0
4.1614,32,34,422991,0
4.1619,39,40,55520,0
4.162,36,38,31891,0
4.1623,34,33,34678,0
4.1631,12,18,3599,0
4.1634,41,39,108467,0
4.1635,15,18,44889,0
4.1641,30,34,15777,0
4.1661,27,37,242461,0
4.1668,36,40,71989,0
4.1719,6,0,76760,0
4.1721,10,36,249224,0
4.1723,19,20,147059,0
4.1725,21,34,694920,0
4.1736,31,35,231190,0
4.1737,2,34,793698,0
4.1744,7,0,178360,0
4.175,10,37,1178471,0
4.1764,18,20,12120,0
4.1774,23,41,53107,0
4.1778,3,33,151119,0
4.1779,8,10,7568,0
4.179,16,1,395569,0
4.1809,36,38,100803,0
4.1813,8,6,143941,0
4.1824,10,0,387940,0
4.1826,23,20,33472,0
4.1839,16,13,458773,0
4.1848,6,31,34833,0
4.1848,38,39,21779,0
4.1851,26,14,344611,0
4.1853,25,28,25842,0
4.1889,17,15,352193,0
4.1893,13,1,111246,0
4.1899,26,35,48528341,0
4.1931,5,41,45904,0
4.1954,29,32,271723,0
4.1955,18,22,387869,0
4.1963,40,22,102284,0
4.1977,32,4,619602,0
4.1986,27,1,9268,0
4.1997,15,14,4312020,0
4.1998,19,32,121802,0
4.2,24,29,227870,0
4.2007,26,19,5363,0
4.2007,17,13,136745,0
4.2029,1,0,62626,0
4.2036,14,16,151496,0
4.2051,13,12,704645,0
4.2053,24,26,74728,0
4.2055,8,7,74244,0
4.2058,27,28,954234,0
4.2065,35,31,16360,0
4.2081,25,13,46734,0
4.2085,18,32,59978,0
4.2088,37,40,252970,0
4.2093,18,20,256534,0
4.2098,27,26,4781,0
4.2118,12,16,5302,0
4.2121,20,19,2945,0
4.2125,26,2,181335,0
4.2128,26,29,325605,0
4.2132,29,3,46757,0
4.2144,40,14,5145,0
4.2146,8,11,108439,0
4.2149,24,16,41035,0
4.2174,20,9,127319,0
4.2177,14,4,36486,0
4.219,3,11,103475,0
4.2192,5,39,429672,0
4.2199,38,32,27595,0
4.2218,24,26,25385,0
4.2222,39,13,8969,0
4.2229,21,18,55450,0
4.2242,2,23,1137923,0
4.2255,21,20,74593,0
4.2283,24,11,92503,0
4.2293,28,27,697199,0
4.2294,0,9,808905,0
4.2295,28,18,130769,0
4.2314,5,41,3432,0
4.2319,37,40,231839,0
4.2319,7,8,62160,0
4.2361,2,29,369167,0
4.2361,28,25,31401,0
4.2367,33,30,15783,0
4.2392,38,8,81124,0
4.2414,34,30,552460,0
4.2415,24,20,41384,0
4.2416,12,9,2432,0
4.2424,8,10,5364,0
4.2424,19,23,227509,0
4.2425,31,34,33754,0
4.2427,5,40,1481584,0
4.2429,32,35,30030,0
4.2438,19,21,3346,0
4.2446,5,6,151665,0
4.2447,8,11,294850,0
4.2453,29,26,26635,0
4.2464,8,22,57711,0
4.2479,7,10,94930,0
4.2486,32,4,616284,0
4.2487,5,37,64665,0
4.2509,7,8,94941,0
4.2509,0,11,411247,0
4.2525,11,0,22709,0
4.2544,40,38,36924,0
4.2555,1,17,154531,0
4.256,38,9,650527,0
4.2571,8,7,12810,0
4.2574,26,32,388466,0
4.2578,13,16,2765914,0
4.2579,38,15,51959,0
4.2596,36,12,112126,0
4.2601,21,27,131693,0
4.2615,12,16,417576,0
4.2622,21,23,3839,0
4.2629,0,24,144737,0
4.263,12,14,4256,0
4.2632,41,9,58542,0
4.2636,7,6,36682,0
4.266,7,10,300089,0
4.2661,1,2,70395,0
4.2668,34,35,577459,0
4.2671,12,13,182532,0
4.2706,31,4,35561,0
4.2715,5,40,3119,0
4.2734,11,7,47003,0
4.2736,11,30,219022,0
4.276,12,14,84588,0
4.2765,14,12,20860,0
4.2767,23,41,1522712,0
4.2772,15,12,1724247,0
4.2781,10,11,356115,0
4.2788,8,21,60734,0
4.2805,2,6,110860,0
4.2809,19,22,186391,0
4.2826,5,27,61460,0
4.2838,12,16,628947,0
4.285,17,30,459255,0
4.2857,26,27,31163,0
4.2879,6,0,93014,0
4.2886,11,0,5626321,0
4.2904,19,22,56170,0
4.2907,27,3,26678,0
4.2911,22,20,27214,0
4.2937,6,36,15263,0
4.2941,40,41,239488,0
4.2966,2,18,86223,0
4.2976,39,40,2185948,0
4.2982,21,13,10030,0
4.2993,21,23,96481,0
4.3018,9,6,43270,0
4.303,11,36,628654,0
4.3034,11,35,333164,0
4.3053,25,3,136995,0
4.3059,30,33,1188556,0
4.3063,15,12,83495,0
4.3068,32,4,135719,0
4.3077,4,0,1185768,0
4.3077,23,18,107700,0
4.3079,19,22,247186,0
4.3082,2,23,96719,0
4.3093,7,10,296236,0
4.31,1,40,84260,0
4.3102,38,40,303705,0
4.311,17,37,40919,0
4.3111,23,20,278700,0
4.312,6,10,131444,0
4.3139,3,25,35136,0
4.314,38,5,34811,0
4.315,39,10,183736,0
4.3158,36,5,215389,0
4.3161,31,19,375231,0
4.3163,16,14,213849,0
4.3172,13,11,12997,0
4.3178,0,8,645567,0
4.3184,26,36,314443,0
4.3189,41,38,6989,0
4.3193,31,30,25388,0
4.3195,22,30,187835,0
4.3197,2,9,46078,0
4.3204,21,15,488321,0
4.321,20,23,2291120,0
4.3231,14,1,103427,0
4.3232,8,7,213385,0
4.3233,24,28,7856,0
4.3246,40,5,639016,0
4.3249,22,20,19716,0
4.325,2,21,51361,0
4.3251,30,10,573740,0
4.3257,17,21,247519,0
4.3258,36,32,155119,0
4.327,37,40,368868,0
4.3278,15,7,92945,0
4.3287,11,7,22895,0
4.3299,27,29,22877,0
4.3326,23,33,11111,0
4.333,40,37,78645,0
4.3333,4,32,82822,0
4.3339,21,20,17648,0
4.3343,3,29,81346,0
4.3366,22,21,89833,0
4.337,12,23,313064,0
4.3384,11,9,15565,0
4.3395,34,35,17653,0
4.3404,16,14,106974,0
4.3406,23,19,158216,0
4.3415,31,32,1360655,0
4.343,34,24,99181,0
4.3433,9,10,284750,0
4.3436,8,3,231893,0
4.3441,23,18,18586,0
4.3446,31,32,153982,0
4.3453,6,9,711988,0
4.3455,31,34,103218,0
4.3459,0,10,58858,0
4.3472,9,11,32507,0
4.3478,6,9,88537,0
4.3482,26,27,10339,0
4.3485,18,23,30004,0
4.3491,3,24,166112,0
4.3491,36,38,66254,0
4.35,37,41,45019,0
4.3502,0,9,172116,0
4.3512,10,11,7384,0
4.3519,4,32,20879,0
4.3522,2,20,1364124,0
4.3532,12,32,417766,0
4.3535,18,6,126131,0
4.354,20,4,20392,0
4.3544,27,24,34202,0
4.3551,11,9,13502,0
4.3558,29,26,135109,0
4.3565,25,24,464412,0
4.3571,34,37,401192,0
4.3577,20,23,59003,0
4.3604,8,3,142253,0
4.3604,31,2,63239,0
4.3608,12,15,460526,0
4.3628,40,0,501741,0
4.363,1,12,117956,0
4.3635,23,18,246654,0
4.3641,7,11,2706,0
4.3654,12,15,27654,0
4.3656,18,21,396095,0
4.3658,5,27,99098,0
4.3659,20,19,52544,0
4.3666,3,25,49276,0
4.3668,15,20,15951,0
4.3674,6,11,143144,0
4.3677,5,39,24786,0
4.369,13,15,332349,0
4.3693,8,0,14752,0
4.3696,35,31,460252,0
4.3697,7,39,53815,0
4.3707,34,32,921435,0
4.3718,13,14,88129,0
4.3724,35,40,31472,0
4.3728,18,35,77924,0
4.3736,27,13,149076,0
4.3742,32,34,211319,0
4.3742,23,19,24348,0
4.3744,18,12,14137,0
4.3757,23,18,1013175,0
4.3777,5,36,224427,0
4.3793,14,4,150749,0
4.3795,8,11,186339,0
4.3795,36,16,168533,0
4.3815,23,10,56379,0
4.3825,8,6,837401,0
4.3839,17,31,50460,0
4.384,25,20,71934,0
4.3847,27,4,126333,0
4.3849,35,4,66438,0
4.3852,25,22,34001,0
4.386,4,26,122181,0
4.3874,0,30,200576,0
4.3874,2,19,245657,0
4.3876,1,12,102205,0
4.3882,32,31,11282,0
4.3885,27,26,69966,0
4.3887,36,9,276095,0
4.3902,29,9,72639,0
4.3915,7,10,328263,0
4.3918,36,3,145905,0
4.3926,7,10,400233,0
4.3933,23,2,836290,0
4.3963,11,8,129575,0
4.3966,14,16,758929,0
4.3966,26,28,143739,0
4.3971,35,32,177794,0
4.3975,21,9,18992,0
4.3979,13,17,6588,0
4.3987,40,20,27233,0
4.4009,3,26,136113,0
4.4014,16,11,163424,0
4.4036,16,40,366650,0
4.4042,3,39,153223,0
4.4055,0,32,53207,0
4.4077,0,24,249219,0
4.408,28,25,586991,0
4.4082,40,19,29501,0
4.4094,26,6,133087,0
4.4109,21,19,18723,0
4.4123,21,2,21023,0
4.4142,41,40,11762,0
4.4143,38,39,5863,0
4.4165,28,25,634510,0
4.4205,41,36,100303,0
4.4205,38,25,60021,0
4.4209,32,30,32543,0
4.4215,15,19,99553,0
4.4222,6,0,26952,0
4.423,18,33,2433129,0
4.4252,18,39,7996,0
4.4267,18,0,50363,0
4.4277,27,24,44278,0
4.428,18,33,18432,0
4.4285,25,41,489111,0
4.4296,27,26,1759771,0
4.43,2,23,23156,0
4.4304,6,8,596569,0
4.4312,28,27,3377042,0
4.4315,39,41,346511,0
4.432,16,25,1005873,0
4.4336,29,25,20892,0
4.4342,21,23,136842,0
4.4347,38,25,46886,0
4.4354,24,26,16955,0
4.4359,19,11,71995,0
4.4369,41,36,67747,0
4.438,32,30,15392,0
4.4386,1,13,22655,0
4.4408,26,3,64741,0
4.4411,23,12,1373238,0
4.4414,29,7,7707,0
4.4421,38,40,36895,0
4.4421,2,19,91133,0
4.4422,17,14,249464,0
4.4422,34,32,196936,0
4.4424,23,9,213615,0
4.4427,16,6,56761,0
4.4429,16,14,477514,0
4.4435,35,15,113401,0
4.4445,22,39,1352605,0
4.4446,7,9,93994,0
4.446,29,4,563673,0
4.4465,6,37,27819,0
4.4465,5,41,27127,0
4.4467,36,2,263179,0
4.4474,8,10,130414,0
4.448,13,25,79731,0
4.4486,6,7,79091,0
4.4522,32,34,796452,0
4.4531,17,41,75726,0
4.4548,2,22,178394,0
4.4552,29,12,7883,0
4.4567,35,15,189325,0
4.4572,13,14,80684,0
4.461,28,27,21510,0
4.462,27,26,15127,0
4.4643,9,39,905255,0
4.4647,34,32,77902,0
4.4651,14,16,5822729,0
4.4657,17,11,83467,0
4.468,22,18,438213,0
4.4705,25,33,43789,0
4.4721,26,9,1021668,0
4.4744,26,38,16817,0
4.4752,14,8,58226,0
4.4758,8,6,152311,0
4.476,3,22,228530,0
4.4775,5,30,1761165,0
4.4782,4,38,108594,0
4.4786,24,39,50539,0
4.4798,7,8,128450,0
4.48,38,37,7379,0
4.4804,16,14,189688,0
4.4811,23,16,114514,0
4.4818,31,3,95113,0
4.4831,37,41,74616,0
4.4832,34,31,97538,0
4.4845,19,21,1632028,0
4.4846,11,7,11465,0
4.4851,12,5,37017,0
4.4851,2,1,17622,0
4.4862,41,37,93968,0
4.4868,16,17,98596,0
4.4869,26,28,28693,0
4.4876,1,36,11294,0
4.4876,35,33,8554,0
4.4908,4,33,179380,0
4.491,34,32,28425,0
4.4919,16,17,179430,0
4.4924,32,34,36702,0
4.4927,39,38,161809,0
4.4953,38,39,794379,0
4.4962,25,27,21575,0
4.4972,20,19,115094,0
4.4973,28,25,128449,0
4.4977,32,28,46530,0
4.4993,13,15,3032833,0
4.5022,32,14,70265,0
4.5022,20,7,1401142,0
4.5033,23,13,114881,0
4.5035,20,0,179028,0
4.504,14,0,5133,0
4.5041,22,19,366496,0
4.5044,16,15,33746,0
4.506,19,25,9428,0
4.5064,17,1,2669690,0
4.5071,11,21,698834,0
4.5078,8,7,12872,0
4.5092,2,18,76460,0
4.5099,23,38,243452,0
4.5099,34,31,408423,0
4.5111,27,24,98182,0
4.5114,18,24,21239,0
4.5121,9,40,83251,0
4.5122,11,5,48366,0
4.5126,2,12,11963,0
4.5133,41,40,57229,0
4.5169,8,7,63702,0
4.5171,28,18,4557087,0
4.5194,25,27,211594,0
4.5198,15,16,17382,0
4.5199,4,35,30053,0
4.5217,33,6,313042,0
4.5217,24,28,188757,0
4.5225,18,3,233146,0
4.5232,35,30,983314,0
4.5239,36,20,53647,0
4.524,40,5,41146,0
4.5249,34,24,198801,0
4.5253,24,28,12919,0
4.526,28,24,13050,0
4.5264,4,32,154257,0
4.5266,8,11,29052,0
4.5279,14,13,110717,0
4.5287,36,18,6820638,0
4.5297,38,30,191912,0
4.53,10,0,21618,0
4.5301,6,10,47578,0
4.5308,25,22,72708,0
4.5308,5,37,26130,0
4.531,0,10,63410,0
4.5334,2,23,252193,0
4.5335,36,37,126606,0
4.5336,4,17,38986,0
4.5341,11,27,12348,0
4.5358,26,28,518161,0
4.5369,25,27,165925,0
4.5379,20,8,923081,0
4.5399,40,17,765584,0
4.5401,21,9,76074,0
4.5411,7,40,62414,0
4.5418,21,2,193169,0
4.5421,31,19,18544,0
4.5426,27,25,23042,0
4.5427,3,21,202306,0
4.5428,35,7,198481,0
4.5429,36,30,491306,0
4.543,7,1,591165,0
4.5431,24,28,2862,0
4.5446,9,10,44956,0
4.5449,25,26,102148,0
4.5455,15,1,144116,0
4.5457,12,16,21637,0
4.546,18,2,957397,0
4.5463,11,8,14961,0
4.5477,29,26,568976,0
4.5478,40,21,128767,0
4.5487,28,29,17976,0
4.5495,36,24,605298,0
4.5523,4,5,71561,0
4.5525,14,16,27431,0
4.553,11,18,14539,0
4.553,35,34,38668,0
4.553,6,8,208380,0
4.5553,27,28,2000,0
4.5567,8,6,1618841,0
4.5573,34,4,93710,0
4.558,10,0,540205,0
4.5586,37,12,110452,0
4.5594,13,28,169109,0
4.5611,10,6,791075,0
4.5615,10,8,11719,0
4.5619,36,39,197226,0
4.5642,24,29,590975,0
4.5644,8,9,201739,0
4.5679,14,8,157826,0
4.568,7,8,6933,0
4.5686,17,15,59079,0
4.5687,39,37,650151,0
4.5689,22,20,462633,0
4.5723,9,34,54285,0
4.5725,24,25,80959,0
4.5733,28,15,235773,0
4.5738,33,4,312496,0
4.5757,26,28,71616,0
4.5762,4,35,42030,0
4.5768,38,36,86523,0
4.5774,4,31,229552,0
4.5774,12,13,22497,0
4.5779,31,30,817206,0
4.5792,14,18,55961,0
4.5803,6,11,1147516,0
4.5832,22,21,575584,0
4.5858,31,35,36660,0
4.5884,18,22,72929,0
4.589,29,5,273964,0
4.5894,33,24,86543,0
4.5897,27,28,17521,0
4.5911,26,3,33585,0
4.5912,6,3,115303,0
4.5922,8,16,15916,0
4.5922,24,26,534613,0
4.5927,15,4,82933,0
4.5929,38,10,42808,0
4.5929,20,16,81384,0
4.5938,5,37,462094,0
4.5945,37,36,421317,0
4.5946,39,36,74217,0
4.5951,29,24,57338,0
4.5963,41,36,150173,0
4.5976,14,17,244468,0
4.5981,16,34,79622,0
4.6002,5,41,48274,0
4.6006,16,17,34879,0
4.6016,0,22,36520,0
4.6021,16,1,34533,0
4.6022,30,33,98616,0
4.6024,4,32,77485,0
4.603,19,22,123273,0
4.6047,36,26,98957,0
4.6075,8,6,546853,0
4.6084,15,13,15360,0
4.6086,8,11,12018,0
4.6095,29,26,147454,0
4.6105,37,5,10335,0
4.6106,27,9,236708,0
4.6107,41,37,2980,0
4.6158,38,37,923804,0
4.6191,5,15,314652,0
4.6193,19,11,719033,0
4.6194,5,36,278816,0
4.6195,20,0,35462,0
4.6215,11,6,32450,0
4.6218,24,35,299214,0
4.6221,26,40,19946,0
4.6235,4,34,1739666,0
4.6242,33,9,19905,0
4.6242,7,11,19316,0
4.6274,7,11,18834,0
4.6277,30,32,59646,0
4.6278,37,5,54045,0
4.6312,12,16,18496,0
4.6314,0,11,20713,0
4.6322,5,39,244244,0
4.633,14,15,63638,0
4.6333,40,3,293456,0
4.6336,33,34,28530,0
4.6337,22,0,56056,0
4.6338,1,13,56974,0
4.6338,30,34,47697,0
4.6342,17,14,124176,0
4.6344,4,34,37383,0
4.6361,33,8,6202300,0
4.6374,38,13,202593,0
4.6376,34,35,75981,0
4.6393,40,38,161878,0
4.6397,17,12,10714,0
4.6407,8,0,305819,0
4.6408,39,5,118602,0
4.6414,29,27,27898,0
4.6424,21,4,62312,0
4.6438,24,3,1454139,0
4.6439,40,18,523353,0
4.6439,21,23,24019,0
4.6442,31,37,55111,0
4.6455,19,20,16073,0
4.6469,40,4,756299,0
4.6478,17,27,331061,0
4.6479,15,17,125327,0
4.6492,18,22,37154,0
4.6497,7,8,50780,0
4.6515,17,21,25085,0
4.6533,11,9,366309,0
4.6533,4,34,172861,0
4.6536,22,2,2000,0
4.6549,32,33,64954,0
4.6567,16,17,682227,0
4.6571,32,4,549774,0
4.6582,37,38,132299,0
4.6587,1,27,103479,0
4.6613,4,37,28405,0
4.6656,36,20,10870,0
4.668,39,5,2000,0
4.6687,10,6,7008,0
4.6688,22,23,15709,0
4.6691,32,2,203522,0
4.6693,22,21,72539,0
4.6705,9,11,23106,0
4.6708,1,17,170893,0
4.6742,13,12,155773,0
4.6766,5,31,168131,0
4.6769,35,36,266795,0
4.6778,30,15,204452,0
4.6783,27,24,17917,0
4.6794,8,9,11349,0
4.6799,5,15,226629,0
4.68,20,2,41448,0
4.6804,36,34,133185,0
4.6804,14,27,72764,0
4.6804,17,15,2638322,0
4.6811,6,0,123517,0
4.6812,14,1,180943,0
4.6833,2,5,62786,0
4.6855,25,37,84848,0
4.6856,28,20,448624,0
4.6856,7,0,26652,0
4.6868,9,0,42555,0
4.6878,36,5,255046,0
4.6884,35,4,276174,0
4.6903,3,25,520421,0
4.6909,32,35,153413,0
4.6916,38,34,7347,0
4.692,22,21,89021,0
4.6948,40,21,64751,0
4.6949,4,29,2271,0
4.6959,28,39,797384,0
4.6961,7,28,23944,0
4.6961,15,37,46047,0
4.6963,19,23,81976,0
4.6991,18,19,111177,0
4.6997,18,19,887227,0
4.6997,27,21,116352,0
4.6999,8,10,2674358,0
4.7026,7,10,47608,0
4.7044,28,8,7731,0
4.7069,11,8,258802,0
4.7075,35,33,134114,0
4.7098,31,35,80169,0
4.7102,34,21,21335,0
4.7104,25,33,59522,0
4.7106,25,2,126050,0
4.7106,40,5,43351,0
4.7115,23,32,310145,0
4.7119,10,6,68798,0
4.712,4,39,257132,0
4.7124,12,37,11889,0
4.7125,12,17,77146,0
4.714,25,27,32631,0
4.715,39,36,786160,0
4.7159,14,12,8169,0
4.7163,26,27,294467,0
4.7174,8,15,676008,0
4.718,19,20,43307,0
4.7182,1,14,81097,0
4.7186,39,32,355436,0
4.7187,31,19,32485,0
4.7195,25,11,8145,0
4.7206,40,13,5294,0
4.7209,38,17,155376,0
4.7218,17,12,44606,0
4.7221,41,38,15470,0
4.7222,35,34,133074,0
4.7256,32,33,4032,0
4.7262,34,31,27325,0
4.7268,32,28,211663,0
4.728,6,12,56611,0
4.728,3,28,59642,0
4.729,19,4,15962,0
4.7293,10,11,1356368,0
4.7299,28,13,97257,0
4.7318,31,1,411791,0
4.7319,28,26,33106,0
4.732,11,8,60532,0
4.733,41,36,29778,0
4.7335,29,3,239417,0
4.7349,11,33,206900,0
4.7352,3,27,57690,0
4.7373,3,0,209513,0
4.7374,3,28,10318,0
4.7382,14,22,413156,0
4.7384,8,4,109238,0
4.7391,6,2,43064,0
4.7394,27,19,13628,0
4.7397,21,41,39581,0
4.7426,12,14,6659,0
4.7428,22,21,222085,0
4.743,22,35,13215,0
4.7433,32,35,460464,0
4.7437,23,40,33896,0
4.7455,22,12,365827,0
4.7459,27,29,1055990,0
4.7479,30,39,97503,0
4.748,34,40,41542,0
4.7486,39,5,1662176,0
4.749,24,27,244661,0
4.7491,13,14,134439,0
4.7497,10,11,33843,0
4.751,16,14,43640,0
4.7514,33,0,223050,0
4.7525,23,4,776492,0
4.7527,1,21,47183,0
4.7535,38,37,17856,0
4.7536,37,23,150933,0
4.7541,31,27,35991,0
4.7544,33,30,70661,0
4.7549,7,10,179984,0
4.7571,18,25,496583,0
4.7578,22,29,201310,0
4.7587,6,22,29543,0
4.7593,29,19,280731,0
4.7599,7,27,72629,0
4.7605,30,33,65991,0
4.7608,36,21,408204,0
4.7613,14,17,18203,0
4.7614,13,10,1486930,0
4.7619,41,5,81115,0
4.7625,28,3,1988808,0
4.7629,14,6,14334,0
4.7636,32,35,126797,0
4.7638,20,26,34675,0
4.7641,23,29,3809904,0
4.7642,18,33,69592,0
4.7649,8,3,155932,0
4.7654,15,17,47820,0
4.7672,23,2,80101,0
4.7677,0,20,32546,0
4.7683,21,26,9328,0
4.7686,4,15,15774,0
4.7704,32,35,190716,0
4.7723,8,37,193109,0
4.7735,41,39,10107,0
4.7741,12,33,1768023,0
4.7746,12,1,123377,0
4.7751,32,4,6234,0
4.7751,13,14,542575,0
4.7752,3,40,118080,0
4.7756,3,28,63179,0
4.7758,33,9,9585,0
4.7764,39,5,89784,0
4.7764,5,41,276104,0
4.7765,18,26,443404,0
4.7782,2,22,435191,0
4.779,27,29,48620,0
4.7801,36,41,710445,0
4.7807,3,27,437925,0
4.7814,31,29,259860,0
4.782,41,39,17015,0
4.7821,4,26,50882,0
4.7823,27,5,95307,0
4.7834,21,18,80421,0
4.787,9,10,66985,0
4.787,40,37,298042,0
4.7904,41,0,39147,0
4.7913,8,0,737566,0
4.7914,27,0,88484,0
4.7933,39,37,90034,0
4.7934,18,14,28334,0
4.7958,21,22,18377,0
4.7964,2,22,23985,0
4.7971,11,37,2057821,0
4.7976,39,40,3352211,0
4.7983,3,26,383782,0
4.8004,4,30,2000,0
4.8044,29,28,203116,0
4.8061,15,2,22324,0
4.8066,30,35,63218,0
4.8084,18,23,44351,0
4.8094,41,40,883536,0
4.8106,19,13,136140,0
4.8111,10,37,545623,0
4.8112,31,3,53504,0
4.8145,20,6,761167,0
4.8149,34,9,15275,0
4.8161,11,24,183358,0
4.8195,0,39,128410,0
4.8197,7,36,92019,0
4.8198,38,22,2000,0
4.8218,16,31,63454,0
4.8228,24,26,446014,0
4.8253,28,2,177305,0
4.8256,9,10,18150,0
4.8266,36,18,333945,0
4.8269,29,24,160802,0
4.8274,39,32,287185,0
4.8294,32,35,86775,0
4.8316,7,11,15376,0
4.8318,41,39,148832,0
4.8329,0,9,36306,0
4.8338,11,9,9071,0
4.8339,15,41,247814,0
4.8341,31,32,2450305,0
4.8347,35,22,101875,0
4.835,35,33,49249,0
4.8351,33,10,104408,0
4.8354,4,32,123417,0
4.8373,38,39,22181,0
4.8384,11,6,129056,0
4.8385,33,31,5927,0
4.8422,2,28,116374,0
4.8425,38,41,30138,0
4.8427,21,11,31131,0
4.8434,38,40,391970,0
4.8436,18,2,607142,0
4.8437,1,13,481825,0
4.8438,32,17,570801,0
4.844,11,9,50979,0
4.8441,16,1,62101,0
4.8458,36,29,1865934,0
4.846,38,40,64110,0
4.8466,17,12,21794,0
4.8475,24,41,666854,0
4.8478,1,15,1224903,0
4.8513,12,1,5229781,0
4.8517,32,40,600183,0
4.8517,17,22,140266,0
4.8535,32,33,53332,0
4.8537,40,9,20998,0
4.8547,4,34,33557,0
4.8554,15,14,99527,0
4.8556,6,9,60112,0
4.8558,39,36,11288,0
4.8569,40,39,107242,0
4.8572,21,18,323040,0
4.8576,22,21,55037,0
4.8578,36,38,1688301,0
4.8578,13,15,179338,0
4.8585,40,30,558724,0
4.8596,28,27,72229,0
4.8599,30,4,14955,0
4.8614,25,3,80230,0
4.8629,12,13,44586,0
4.8641,13,15,1368151,0
4.8641,12,17,26645,0
4.866,16,13,50422,0
4.866,35,27,65469,0
4.8664,13,1,250983,0
4.8696,39,13,640632,0
4.8709,15,12,36250,0
4.8712,15,12,130213,0
4.8714,37,36,6143,0
4.8731,13,7,55429,0
4.8742,37,38,113514,0
4.8745,31,32,144036,0
4.8747,13,39,257394,0
4.8753,19,20,1556091,0
4.8775,3,28,230254,0
4.8787,36,41,111417,0
4.8802,19,23,72023,0
4.8806,11,10,834166,0
4.8821,18,23,537728,0
4.8825,28,21,2687699,0
4.8847,19,18,810750,0
4.8916,36,13,215313,0
4.8919,39,9,40034,0
4.8923,37,14,812974,0
4.8924,21,20,309584,0
4.8931,20,23,8105,0
4.8937,6,9,428359,0
4.8941,18,23,78681,0
4.896,11,7,19927,0
4.8965,27,3,590259,0
4.8969,30,18,881090,0
4.8972,1,11,1701044,0
4.8976,31,29,105003,0
4.9013,35,30,117326,0
4.9021,11,9,1658968,0
4.9032,16,12,347700,0
4.9047,24,28,5328379,0
4.9062,9,3,545898,0
4.9071,23,35,74659,0
4.9094,21,14,34393,0
4.9102,25,35,348710,0
4.9105,28,29,727244,0
4.9111,15,29,1039342,0
4.9111,15,16,312879,0
4.9141,37,5,387666,0
4.9144,0,6,12032,0
4.9146,1,33,22337,0
4.9148,13,29,34049,0
4.9156,36,20,40375,0
4.9157,15,17,216638,0
4.9157,28,8,20186,0
4.9159,6,33,113614,0
4.9169,25,14,421347,0
4.9169,38,37,407530,0
4.9195,15,16,214565,0
4.9201,13,17,72708,0
4.9205,3,24,88024,0
4.9209,29,26,232365,0
4.921,34,8,224408,0
4.9234,30,35,20726,0
4.9257,5,37,134345,0
4.9264,9,21,20069,0
4.927,2,41,30290,0
4.9275,39,5,67632,0
4.9279,31,34,2330466,0
4.9302,20,22,132065,0
4.9304,32,31,1242311,0
4.9309,41,11,410314,0
4.933,30,17,46169,0
4.9353,11,0,4880401,0
4.936,23,34,213523,0
4.9366,24,26,24258,0
4.937,38,15,12675,0
4.9371,17,13,62678,0
4.9372,12,13,1269036,0
4.9375,23,26,121998,0
4.9375,32,31,19425,0
4.9376,19,23,71969,0
4.9376,36,37,128105,0
4.9391,24,12,34629,0
4.9394,10,29,19705,0
4.9397,7,8,64747,0
4.9414,22,20,243541,0
4.9422,26,3,90345,0
4.9425,25,28,11554,0
4.9435,20,21,4809,0
4.9444,21,8,38427,0
4.9477,20,39,48167,0
4.9502,39,40,53960,0
4.9516,31,4,22516,0
4.9524,41,37,70267,0
4.9535,10,7,179079,0
4.9538,27,28,8382,0
4.9539,23,21,597991,0
4.9552,31,30,262025,0
4.9553,11,37,358430,0
4.9553,3,24,30700,0
4.9564,41,5,2001226,0
4.9571,13,20,2065654,0
4.9573,25,34,53598,0
4.9588,38,8,808626,0
4.9593,38,22,66885,0
4.9607,6,8,588478,0
4.9608,34,33,114006,0
4.9624,19,12,19223,0
4.9635,23,21,59116,0
4.9637,25,29,36314,0
4.9637,35,34,12947,0
4.9643,18,3,132708,0
4.966,38,41,601758,0
4.967,27,3,63243,0
4.969,9,40,2976793,0
4.97,2,20,971873,0
4.9715,18,21,15082254,0
4.9744,0,35,372514,0
4.9746,28,25,61516,0
4.9752,33,20,17527,0
4.9759,36,4,699824,0
4.9763,9,19,79051,0
4.9783,18,29,117218,0
4.9787,14,17,270208,0
4.9798,12,3,402066,0
4.98,3,26,81675,0
4.9801,31,19,64943,0
4.9813,33,31,61355,0
4.9828,7,11,458762,0
4.9828,14,31,73746,0
4.9848,34,32,24915,0
4.9856,41,5,241843,0
4.9862,29,11,133702,0
4.9873,30,26,466499,0
4.9881,18,31,2000,0
4.9891,1,2,195430,0
4.9895,36,37,130794,0
4.9905,32,20,125117,0
4.9933,38,36,50256,0
4.9945,0,9,39366,0
4.9947,23,32,444775,0
4.9956,32,4,48111,0
5.0006,39,37,102715,0
5.0008,29,27,153532,0
5.0008,25,28,109220,0
5.0021,34,35,219322,0
5.0027,18,7,823999,0
5.0031,34,33,149058,0
5.0036,15,16,62456,0
5.004,0,6,266110,0
5.005,39,26,1030466,0
5.0057,18,40,731413,0
5.006,0,8,749339,0
5.0068,26,3,26686,0
5.0069,1,16,95563,0
5.0071,15,14,70132,0
5.0072,30,3,578950,0
5.0086,40,29,8463,0
5.0095,27,24,593952,0
5.0097,16,27,20059,0
5.0116,27,24,107160,0
5.0116,32,9,120327,0
5.0126,27,22,304371,0
5.013,25,28,878787,0
5.0133,32,19,58248,0
5.0133,11,6,64407,0
5.0133,23,3,32403,0
5.0163,12,20,66690,0
5.019,21,23,28058,0
5.0193,1,39,26865,0
5.0193,9,10,460785,0
5.0197,36,25,48066,0
5.02,24,9,15606,0
5.0202,29,24,423422,0
5.0204,5,25,70892,0
5.0204,1,14,38190,0
5.0215,36,37,2000,0
5.0224,21,19,554088,0
5.0224,40,31,10476,0
5.0225,37,41,843035,0
5.0226,31,4,666292,0
5.0261,15,16,255592,0
5.0283,31,3,703283,0
5.03,24,8,310531,0
5.0317,34,4,49202,0
5.0327,36,15,14528,0
5.0332,34,33,170752,0
5.0336,41,40,7065,0
5.0356,14,12,1082773,0
5.0356,16,15,1011354,0
5.0358,31,30,939654,0
5.0364,26,16,4847,0
5.0364,36,39,1871995,0
5.0371,13,39,399382,0
5.0372,16,12,305363,0
5.0375,16,26,16081,0
5.0387,36,4,184770,0
5.0389,22,11,140395,0
5.041,36,5,236755,0
5.0421,23,26,940288,0
5.0424,11,9,973108,0
5.0426,7,11,90994,0
5.0429,39,34,660944,0
5.0436,28,24,36048,0
5.0443,35,34,153309,0
5.0447,40,36,44752,0
5.0465,21,2,41207,0
5.0467,41,37,26971,0
5.0469,37,40,92244,0
5.0469,12,16,110231,0
5.05,26,12,39717,0
5.0524,15,14,199440,0
5.0538,27,3,67417,0
5.0539,9,6,43308,0
5.0547,8,10,46835,0
5.0566,17,12,1196328,0
5.0566,19,18,22205,0
5.057,28,27,2719209,0
5.0581,24,18,230258,0
5.0589,2,41,64506,0
5.0597,6,7,14954,0
5.0604,24,28,37714,0
5.0623,41,34,118967,0
5.063,2,26,160634,0
5.0633,21,16,354964,0
5.064,14,16,239837,0
5.0644,3,26,10849,0
5.0646,0,7,107242,0
5.0652,4,18,40508,0
5.066,19,35,109091,0
5.0667,11,6,205932,0
5.0667,0,6,110682,0
5.0679,23,3,7908,0
5.068,14,31,181588,0
5.0689,0,13,511049,0
5.0717,8,19,773414,0
5.0724,32,34,252183,0
5.0731,2,22,59383,0
5.0755,37,3,8060,0
5.0757,26,29,9772,0
5.077,4,30,17590,0
5.0779,0,11,4871,0
5.0811,26,28,125376,0
5.0814,8,35,228133,0
5.0822,6,0,41562,0
5.0836,24,25,586634,0
5.0841,15,17,1885502,0
5.0846,1,15,125565,0
5.085,34,16,666077,0
5.0853,12,7,5046,0
5.0863,0,16,43700,0
5.0873,8,6,19577,0
5.0893,14,30,27677,0
5.091,27,28,44983,0
5.093,8,21,16550,0
5.0942,10,0,939003,0
5.0952,28,31,84305,0
5.0953,40,38,116383,0
5.0965,2,32,31720,0
5.0969,17,35,73199,0
5.098,11,10,4840763,0
5.1,15,24,14294,0
5.1006,37,41,67837,0
5.1011,8,32,68010,0
5.1015,29,28,38510,0
5.1022,31,35,4824,0
5.1024,9,35,711423,0
5.1034,27,4,465692,0
5.1069,27,30,73050,0
5.1075,21,15,126863,0
5.1076,30,32,290566,0
5.1078,8,25,53806,0
5.1085,35,31,966464,0
5.1104,6,9,147971,0
5.1128,36,37,46057,0
5.1139,17,28,557634,0
5.1144,28,5,479785,0
5.1144,12,17,7163,0
5.1149,39,41,116391,0
5.1157,31,30,16365,0
5.1158,34,10,99246,0
5.1162,9,8,72372,0
5.1165,22,23,36714,0
5.1167,15,16,47790,0
5.117,26,11,548707,0
5.1199,13,14,50961,0
5.1207,3,24,67452,0
5.1208,3,4,252258,0
5.1225,19,22,18868,0
5.123,30,32,32417,0
5.1231,17,12,76923,0
5.1234,28,8,9576,0
5.1256,33,30,285343,0
5.126,16,13,3712,0
5.1274,19,27,426299,0
5.1282,21,20,58249,0
5.1283,41,11,71602,0
5.129,5,25,329951,0
5.1297,38,8,68676,0
5.1309,22,40,3733862,0
5.1315,23,38,37715,0
5.1317,11,0,23200,0
5.1335,31,35,334043,0
5.1344,30,21,176676,0
5.1354,31,35,130376,0
5.1357,27,28,8236,0
5.1358,7,6,325467,0
5.1373,41,2,38575,0
5.1376,16,17,259479,0
5.1385,37,39,216901,0
5.1397,35,33,519097,0
5.1407,33,30,7224,0
5.1407,26,24,702868,0
5.1409,28,24,55077,0
5.1414,21,23,1392420,0
5.1426,40,7,230762,0
5.1433,23,10,91861,0
5.1447,29,40,8235,0
5.1448,1,17,186728,0
5.1463,25,13,15178,0
5.148,33,8,2419580,0
5.1481,3,0,9149,0
5.1484,14,12,15938,0
5.1486,39,29,594683,0
5.1488,6,26,1014668,0
5.1489,8,21,52943,0
5.1489,19,1,113926,0
5.1489,40,12,98325,0
5.1494,23,2,59952,0
5.1498,10,41,225038,0
5.15,19,18,97846,0
5.1511,17,14,39319,0
5.1516,9,29,181776,0
5.1522,25,29,923518,0
5.1535,24,10,545499,0
5.1541,33,35,3481,0
5.1549,40,0,1197567,0
5.1566,16,35,301825,0
5.1567,15,13,1096939,0
5.1575,6,5,347512,0
5.158,37,39,578676,0
5.1586,25,28,111998,0
5.1588,25,3,93595,0
5.1606,19,39,17478,0
5.1606,40,41,616523,0
5.1607,1,15,27921,0
5.1613,21,23,98324,0
5.1648,13,15,592168,0
5.1675,17,13,374067,0
5.17,38,1,69739,0
5.1704,2,4,149223,0
5.1708,0,37,759591,0
5.1725,31,12,131589,0
5.1739,25,27,68952,0
5.1739,16,27,444466,0
5.1742,0,8,80149,0
5.1743,5,35,250062,0
5.1746,24,26,140034,0
5.1765,34,2,47708,0
5.1783,41,1,45011,0
5.179,7,33,448819,0
5.1791,16,14,156997,0
5.1792,1,6,238244,0
5.1792,25,8,149763,0
5.1794,33,35,16344,0
5.1816,29,28,28400,0
5.1822,41,36,68705,0
5.1827,7,11,354586,0
5.1828,31,4,509770,0
5.1838,16,22,2000,0
5.1841,14,12,44504,0
5.1845,16,40,145074,0
5.1851,28,20,131914,0
5.1851,30,35,20648,0
5.186,40,37,6470,0
5.1864,37,38,17432,0
5.1867,40,41,8702,0
5.1878,32,35,1445116,0
5.1879,3,26,492397,0
5.1884,35,18,181525,0
5.1885,5,2,13680,0
5.1894,7,41,1775963,0
5.1906,9,14,836725,0
5.1909,25,24,6317,0
5.1932,19,18,86615,0
5.1966,13,37,41550,0
5.1971,15,5,47646,0
5.198,28,14,62015,0
5.1983,30,27,84140,0
5.1985,18,23,6847,0
5.1986,10,17,295585,0
5.1997,3,29,254308,0
5.1997,35,14,28395,0
5.2012,25,28,497277,0
5.2018,20,18,41848,0
5.2026,0,13,93159,0
5.2053,1,38,238886,0
5.2054,35,34,262448,0
5.2055,18,21,20512,0
5.2057,10,0,2285436,0
5.2072,39,15,71049,0
5.2076,20,7,15668,0
5.208,15,0,102672,0
5.2087,41,37,3784621,0
5.2088,34,1,17671,0
5.2101,9,6,145412,0
5.2114,16,14,414367,0
5.2115,8,0,61095,0
5.2119,5,37,430199,0
5.2143,32,34,70360,0
5.2145,2,41,903077,0
5.2151,35,31,1108076,0
5.2173,23,18,30931,0
5.2197,38,22,139077,0
5.2204,38,22,975243,0
5.2205,16,14,55986,0
5.2214,8,7,162298,0
5.2218,37,5,98274,0
5.2226,10,7,25579,0
5.2245,33,35,1602285,0
5.2253,9,11,13044,0
5.2263,4,30,82518,0
5.2263,24,19,494814,0
5.227,37,5,342254,0
5.2272,26,27,242584,0
5.2275,21,2,509235,0
5.2284,9,14,24187,0
5.2286,1,17,25864,0
5.232,13,14,192501,0
5.2328,31,19,29634,0
5.233,15,17,29164,0
5.2332,8,26,4089,0
5.2344,33,17,27706,0
5.2352,17,32,125287,0
5.2355,14,22,564424,0
5.2376,34,33,2000,0
5.2378,25,13,30324,0
5.2386,39,14,2000,0
5.2395,5,39,71988,0
5.2445,16,17,40083,0
5.2449,0,28,51787,0
5.2451,1,20,11240,0
5.2477,21,31,883624,0
5.2478,18,37,136287,0
5.2482,10,22,1117325,0
5.2486,30,10,3996,0
5.2491,1,14,61334,0
5.2495,1,16,86209,0
5.2519,34,17,65310,0
5.2521,38,40,87776,0
5.2531,17,1,134770,0
5.2537,12,22,64813,0
5.2543,3,40,106280,0
5.2556,20,18,138907,0
5.257,8,10,9377,0
5.2587,34,14,37666,0
5.2594,2,7,3036300,0
5.26,31,7,680640,0
5.2602,9,28,77742,0
5.261,17,33,11524,0
5.262,40,5,31997,0
5.262,37,5,145313,0
5.2638,23,30,10110,0
5.2641,24,3,571499,0
5.265,20,23,77472,0
5.2656,38,33,126118,0
5.2663,22,18,37822,0
5.2668,35,0,23004,0
5.2677,10,6,39189,0
5.268,41,38,10812,0
5.2703,7,11,51291,0
5.273,22,18,99523,0
5.2738,34,40,460922,0
5.275,37,38,155901,0
5.2759,14,16,12046,0
5.2762,35,30,63026,0
5.2777,11,8,151023,0
5.2783,25,3,51776,0
5.2784,9,2,683540,0
5.28,31,4,36011,0
5.2802,14,13,21195,0
5.2825,1,12,46064,0
5.2828,3,24,17900,0
5.2831,15,17,678812,0
5.2894,20,31,205327,0
5.2897,13,17,2112486,0
5.2911,33,32,31092,0
5.2914,8,9,182192,0
5.2925,28,24,365987,0
5.2967,23,10,39121,0
5.2972,26,28,169700,0
5.2973,25,8,33326,0
5.2984,11,7,994937,0
5.2989,34,23,88948,0
5.2996,18,23,36728,0
5.3005,11,27,47443,0
5.3014,19,20,30057,0
5.302,40,5,600765,0
5.3058,2,20,12352,0
5.3062,39,36,554424,0
5.307,36,37,89671,0
5.3073,20,19,9753,0
5.3083,4,35,138192,0
5.3087,37,40,111095,0
5.3092,11,8,148474,0
5.3094,32,30,42023,0
5.3094,41,29,108243,0
5.3109,20,16,741446,0
5.3138,2,36,231999,0
5.314,25,41,252650,0
5.3143,41,17,120995,0
5.3143,17,40,111176,0
5.3175,36,6,9621,0
5.3216,22,18,94584,0
5.3223,30,32,37904,0
5.3235,29,3,88414,0
5.3236,26,27,134292,0
5.3245,24,29,217478,0
5.3251,21,24,434279,0
5.3286,38,35,249156,0
5.329,2,13,29716,0
5.3305,14,16,123171,0
5.3311,4,33,195335,0
5.333,11,0,53494,0
5.3355,2,19,257275,0
5.3364,1,10,18152,0
5.3365,6,31,149813,0
5.3371,31,4,18440,0
5.3383,14,17,203827,0
5.3385,7,15,6112,0
5.3402,37,40,23611,0
5.3411,31,34,45070,0
5.3416,29,9,40931,0
5.3417,21,2,43199,0
5.3425,36,40,731078,0
5.3427,39,18,9733,0
5.3441,40,36,294932,0
5.3442,38,39,313661,0
5.3462,37,11,73264,0
5.3465,0,8,306752,0
5.3466,27,24,78490,0
5.347,37,41,533592,0
5.3482,26,13,614664,0
5.3487,2,9,637099,0
5.3493,41,38,137499,0
5.3498,35,4,184606,0
5.3502,9,0,36438,0
5.3502,28,29,132953,0
5.3508,34,1,182056,0
5.3508,22,18,105182,0
5.3511,6,7,15611,0
5.3518,7,19,26986,0
5.352,10,8,46353,0
5.3523,8,11,71396,0
5.3531,25,2,249817,0
5.3557,8,9,74123,0
5.3569,3,33,37266,0
5.3578,24,25,193574,0
5.3579,8,6,801205,0
5.3583,17,25,161473,0
5.3584,35,10,18450,0
5.3598,18,2,57692,0
5.3599,14,13,1067831,0
5.3627,19,2,152933,0
5.3629,34,30,516420,0
5.3634,27,24,176477,0
5.3648,3,25,1476868,0
5.3651,3,27,31330,0
5.3658,27,17,3926,0
5.3668,31,33,95359,0
5.368,30,15,52417,0
5.3689,5,14,265192,0
5.369,23,31,179682,0
5.3697,39,5,17074,0
5.3702,13,11,251836,0
5.3705,41,40,556454,0
5.3706,12,17,24608,0
5.371,5,38,29704,0
5.3712,29,21,138587,0
5.3722,19,21,6619,0
5.3731,29,24,11341,0
5.3732,22,21,147457,0
5.375,27,3,217151,0
5.3754,20,19,1031250,0
5.3792,26,29,165439,0
5.3833,19,18,446742,0
5.3848,13,17,7958,0
5.3863,35,30,5589,0
5.3896,19,38,773413,0
5.3904,8,10,994061,0
5.3908,10,33,26190,0
5.3918,10,9,170038,0
5.392,10,6,27301,0
5.3925,23,2,8910,0
5.3927,41,39,89059,0
5.3937,34,33,52929,0
5.3956,23,20,25689,0
5.3961,13,15,188160,0
5.3962,37,26,1391618,0
5.3969,26,28,159098,0
5.3971,16,2,47785,0
5.3971,41,1,90786,0
5.3975,13,8,7444,0
5.3981,8,0,269252,0
5.3984,21,23,82522,0
5.3994,21,14,262173,0
5.3997,36,41,191343,0
5.3999,33,36,207132,0
5.401,13,17,427394,0
5.4055,41,39,81393,0
5.4076,28,11,29800,0
5.4088,1,10,75659,0
5.4101,25,7,286319,0
5.4124,9,7,47940,0
5.4135,9,36,476243,0
5.4136,30,34,2212,0
5.4143,14,13,48050,0
5.4149,27,29,47869,0
5.4171,32,31,86378,0
5.4179,32,31,1475372,0
5.418,32,1,995450,0
5.4184,18,21,170029,0
5.4195,39,37,221867,0
5.4203,8,10,38828,0
5.4204,1,13,11833,0
5.4219,23,2,43998,0
5.4241,26,23,7522,0
5.4241,41,2,107225,0
5.4252,35,4,201670,0
5.4255,41,37,237761,0
5.4264,15,21,145361,0
5.4268,3,39,15769,0
5.4284,21,22,29094,0
5.4295,16,12,65163,0
5.43,28,6,305860,0
5.4303,39,37,23121,0
5.4307,34,36,53970,0
5.4307,5,38,446601,0
5.4316,3,24,94920,0
5.4319,4,32,341581,0
5.4331,27,4,1241447,0
5.4338,8,24,28054,0
5.4362,39,26,8349,0
5.4373,19,24,14235,0
5.4396,39,22,83861,0
5.441,32,22,23989,0
5.4412,41,38,325459,0
5.4415,2,20,5243,0
5.442,25,24,287929,0
5.4421,27,11,31302,0
5.4426,12,16,219247,0
5.4431,15,14,9121,0
5.4435,21,22,24302,0
5.4437,28,12,110155,0
5.4462,10,7,36958,0
5.4486,16,15,114075,0
5.4502,37,38,511294,0
5.4514,32,14,110864,0
5.4527,2,21,10312,0
5.4531,28,29,86303,0
5.4532,35,30,9081,0
5.454,23,22,28949,0
5.4546,1,15,48621,0
5.4553,40,9,526748,0
5.4556,22,20,55132,0
5.456,3,23,32226,0
5.4569,41,20,7194,0
5.4588,39,8,25755,0
5.4593,10,7,75447,0
5.4633,8,6,124789,0
5.4657,16,27,11228,0
5.4658,36,5,137128,0
5.4671,33,2,18496,0
5.4674,15,13,12916,0
5.4674,8,2,3317,0
5.468,20,23,866995,0
5.4688,35,11,132345,0
5.4691,41,28,693083,0
5.4693,6,14,266277,0
5.4714,25,40,8533,0
5.4736,9,33,34549,0
5.4741,2,14,76204,0
5.4753,2,23,35824,0
5.4759,39,13,1556830,0
5.476,20,19,53227,0
5.4781,13,1,43091,0
5.4784,39,40,52120,0
5.4789,30,19,216773,0
5.4797,23,20,5535384,0
5.4802,13,16,7874158,0
5.4805,22,15,204155,0
5.4817,38,36,536197,0
5.4822,9,38,9286,0
5.4835,7,12,605434,0
5.4839,32,24,166453,0
5.4847,32,9,9892,0
5.4855,2,20,9381,0
5.486,7,11,60891,0
5.4874,36,38,612142,0
5.4882,19,6,8269,0
5.4882,3,26,196350,0
5.4898,13,12,21395,0
5.4901,21,22,24877,0
5.4923,4,34,264850,0
5.4923,12,13,138672,0
5.4928,35,20,87915,0
5.4932,10,9,188962,0
5.4936,26,36,57075,0
5.4961,32,24,92759,0
5.4962,10,11,108096,0
5.4962,34,27,254209,0
5.4963,12,14,22662,0
5.4965,11,9,13244,0
5.4971,19,4,944917,0
5.4977,16,26,292872,0
5.4979,10,7,33040,0
5.4988,13,14,1224000,0
5.5005,28,40,48943,0
5.5024,22,20,276745,0
5.5039,17,21,151660,0
5.5056,32,34,470195,0
5.507,28,5,77776,0
5.507,25,11,32368,0
5.5085,35,34,144573,0
5.5085,37,36,3196561,0
5.509,10,11,177552,0
5.5097,2,20,253930,0
5.512,16,17,309793,0
5.5123,26,25,623632,0
5.5124,18,2,79735,0
5.5125,7,0,1364102,0
5.5127,1,17,554930,0
5.513,1,22,22038,0
5.5141,20,15,701884,0
5.5173,18,19,194787,0
5.5175,15,13,1490881,0
5.5183,33,18,115343,0
5.5191,18,35,3742620,0
5.5203,4,31,103633,0
5.5205,41,5,30964,0
5.5209,3,27,301187,0
5.5216,41,27,458027,0
5.5217,19,33,60182,0
5.5221,22,17,172936,0
5.5242,17,14,631760,0
5.526,25,26,972955,0
5.5271,8,6,151763,0
5.5278,38,40,79501,0
5.5284,22,18,24316,0
5.5287,24,37,42294,0
5.5297,38,33,55556,0
5.5298,21,10,760186,0
5.5301,9,34,25395,0
5.5318,37,5,244853,0
5.5337,0,11,49009,0
5.534,38,5,13007,0
5.5343,41,5,640162,0
5.5356,31,29,465071,0
5.5357,19,12,428709,0
5.5359,0,7,259450,0
5.538,0,8,941652,0
5.5385,11,8,122095,0
5.5392,41,40,377735,0
5.5393,25,29,210552,0
5.5408,39,38,938720,0
5.541,10,9,157491,0
5.5432,31,34,16981,0
5.5433,2,20,22339,0
5.5436,5,37,9849048,0
5.5445,24,27,62342,0
5.5453,17,15,183495,0
5.5453,25,26,209068,0
5.5488,26,25,85132,0
5.5502,19,2,643720,0
5.5511,8,9,4421,0
5.553,8,7,72741,0
5.5535,41,6,304442,0
5.5539,21,19,46253,0
5.5542,40,36,57382,0
5.5543,6,31,98809,0
5.5554,32,30,68696,0
5.558,14,29,229067,0
5.5581,18,34,195396,0
5.5584,21,2,275654,0
5.5596,18,2,106222,0
5.5598,37,40,29873,0
5.5623,30,34,801494,0
5.5632,24,27,1269094,0
5.5634,31,5,185153,0
5.5642,15,18,35984,0
5.5653,32,31,8946,0
5.5656,33,25,365291,0
5.5657,23,12,182213,0
5.5665,0,9,3208,0
5.5667,34,35,55341,0
5.568,8,6,128016,0
5.5681,26,28,14664,0
5.5701,34,30,795971,0
5.5702,31,4,33225,0
5.5704,24,26,392791,0
5.5707,35,33,8089,0
5.5715,4,31,41809,0
5.5716,41,0,128565,0
5.5728,19,21,171469,0
5.5729,32,4,186115,0
5.5743,4,33,389239,0
5.576,7,6,119977,0
5.5767,21,23,59225,0
5.5768,13,0,202629,0
5.5779,19,7,26072,0
5.5779,39,41,17183,0
5.58,25,3,95688,0
5.5802,23,17,67302,0
5.5815,7,6,2992743,0
5.5818,5,38,206947,0
5.582,41,40,390462,0
5.5824,29,24,312588,0
5.5826,0,37,16320,0
5.5833,11,9,63668,0
5.5834,17,13,5537,0
5.5839,5,41,23804,0
5.5852,7,0,74010,0
5.5853,28,3,124742,0
5.5879,31,33,20087,0
5.5889,10,11,258176,0
5.5894,20,18,5917088,0
5.5895,35,32,126880,0
5.59,38,41,160389,0
5.5917,35,14,77828,0
5.5923,27,28,49896,0
5.5924,25,21,14302,0
5.5927,38,35,1006035,0
5.5928,34,33,129149,0
5.593,38,29,1326924,0
5.5936,10,35,94305,0
5.5944,3,25,27442,0
5.5945,24,29,14054,0
5.5964,23,18,98311,0
5.597,13,10,1261623,0
5.5978,7,0,18452,0
5.5981,21,20,207066,0
5.5984,39,41,59752,0
5.5987,40,1,342375,0
5.6002,36,40,3646,0
5.6006,1,16,68195,0
5.6031,0,29,561302,0
5.6032,33,30,84423,0
5.6033,34,33,2177956,0
5.6036,26,27,35603,0
5.6057,28,25,41376,0
5.6065,28,36,25291,0
5.6075,16,13,1809810,0
5.6083,15,12,19090,0
5.6093,0,11,1343853,0
5.6095,18,22,10777,0
5.6106,23,32,104902,0
5.6109,29,27,51222,0
5.6114,19,23,229695,0
5.6121,35,16,1713880,0
5.6127,25,29,119150,0
5.6131,12,32,35106,0
5.6135,15,1,232565,0
5.6151,18,40,234120,0
5.6153,7,10,161920,0
5.6163,19,23,44883,0
5.6166,6,8,76349,0
5.617,39,5,163116,0
5.6179,19,20,21765,0
5.619,0,7,1478201,0
5.6192,15,20,7756,0
5.6198,6,3,925754,0
5.6204,14,16,163376,0
5.6219,18,21,9074,0
5.6219,2,22,29038,0
5.6219,18,2,47610,0
5.6234,40,38,103548,0
5.6249,35,31,18157,0
5.6266,11,8,458180,0
5.6269,34,22,21399,0
5.6277,9,7,35460,0
5.6278,2,23,104133,0
5.6279,7,10,127902,0
5.6282,13,31,74376,0
5.6284,40,4,50073,0
5.6293,14,24,247174,0
5.631,39,5,38021,0
5.6324,33,34,110707,0
5.6327,32,5,101012,0
5.6333,32,35,65116,0
5.6342,23,4,264552,0
5.6346,10,11,87725,0
5.635,28,29,87320,0
5.6355,31,0,2573,0
5.6357,4,30,119926,0
5.6396,17,1,3354,0
5.6414,40,38,8746,0
5.6417,14,16,25706,0
5.6424,22,19,645409,0
5.6427,36,39,60730,0
5.6437,20,18,474096,0
5.6452,8,7,10813,0
5.6469,34,4,747983,0
5.6481,31,8,144336,0
5.6488,16,14,145435,0
5.6491,24,28,21149,0
5.6506,16,32,8246,0
5.651,13,14,23485,0
5.6526,13,1,15634,0
5.6529,31,24,73148,0
5.6548,23,6,83205,0
5.6549,23,15,5592,0
5.6553,38,5,69859,0
5.6557,6,10,222895,0
5.6558,12,14,246276,0
5.6574,35,4,4040095,0
5.6579,1,16,41893,0
5.6586,2,26,123173,0
5.6596,12,1,19490,0
5.6602,34,15,57044,0
5.6603,35,19,216985,0
5.6603,22,28,2064297,0
5.661,6,8,142091,0
5.6617,39,29,100889,0
5.6629,4,35,163951,0
5.663,37,41,97279,0
5.6638,26,24,186845,0
5.6643,24,28,76824,0
5.6654,9,11,127030,0
5.6664,14,17,206704,0
5.6692,21,6,302063,0
5.6714,12,7,507002,0
5.6717,26,28,40370,0
5.6723,30,17,36651,0
5.673,3,23,38128,0
5.6731,7,27,16154,0
5.674,20,23,162866,0
5.6743,21,38,546765,0
5.6758,20,3,27745,0
5.6767,0,7,14632,0
5.6778,41,37,38684,0
5.6781,33,35,4951,0
5.6792,0,10,36449,0
5.6803,8,29,107587,0
5.6803,13,12,59860,0
5.6811,32,18,192459,0
5.6811,0,32,219671,0
5.6818,22,27,308520,0
5.6823,16,25,324927,0
5.6824,6,11,142782,0
5.6828,0,6,177459,0
5.6831,8,9,319154,0
5.6833,11,36,92140,0
5.6837,9,8,63566,0
5.6842,28,26,259873,0
5.6849,3,1,3964074,0
5.6863,2,20,121838,0
5.6869,11,8,425928,0
5.6871,1,13,538193,0
5.6876,1,26,56729,0
5.6879,15,16,304619,0
5.6885,0,10,39555,0
5.6889,31,32,484648,0
5.6935,38,41,21361,0
5.6948,30,35,12154,0
5.6958,34,33,60584,0
5.6962,5,6,269052,0
5.6975,4,37,208347,0
5.6978,41,14,315676,0
5.6981,41,27,111301,0
5.6982,25,21,304933,0
5.6989,22,19,80644,0
5.6992,10,19,30269,0
5.7004,19,21,68882,0
5.7007,24,27,12445,0
5.7036,21,23,698758,0
5.7037,38,2,684743,0
5.7046,11,9,288988,0
5.7048,33,21,16608,0
5.7054,36,5,387245,0
5.7063,14,34,174927,0
5.7068,40,20,79778,0
5.7078,21,19,33169,0
5.7078,5,37,536457,0
5.7093,11,17,61087,0
5.7093,25,3,29258,0
5.712,13,16,244999,0
5.7122,22,41,164482,0
5.7138,20,4,221371,0
5.7141,30,25,4331,0
5.7147,16,41,37063,0
5.7152,9,7,43017,0
5.7163,31,38,263328,0
5.717,31,4,89547,0
5.7179,23,22,2000,0
5.7186,39,10,16812,0
5.719,10,11,365102,0
5.7197,28,26,323245,0
5.7212,18,15,418775,0
5.7225,7,10,271482,0
5.7231,11,30,27542,0
5.7247,28,24,64220,0
5.7249,41,37,338174,0
5.725,25,40,80974,0
5.7257,10,8,108354,0
5.7258,0,28,176308,0
5.7264,21,39,301523,0
5.7273,7,6,162718,0
5.7283,29,5,20148,0
5.7287,27,7,80796,0
5.7303,0,7,20572,0
5.7308,37,38,457815,0
5.7323,32,35,3922,0
5.735,31,34,443619,0
5.7363,26,31,1268776,0
5.737,40,39,19691,0
5.7386,33,4,90376,0
5.7388,13,17,438325,0
5.7389,31,30,977382,0
5.7391,4,30,298662,0
5.7397,33,6,67018,0
5.74,26,29,24192,0
5.7427,7,10,809993,0
5.7429,26,39,1101774,0
5.7433,18,13,174814,0
5.7435,39,6,40884,0
5.745,16,12,27449,0
5.7472,14,27,11175,0
5.7478,1,7,78367,0
5.7481,22,21,74100,0
5.7509,17,10,247176,0
5.7515,35,33,65251,0
5.7525,29,30,50609,0
5.7535,6,41,20474,0
5.7537,4,35,1328910,0
5.7544,40,39,956069,0
5.756,16,37,1092009,0
5.7564,16,14,140860,0
5.7577,36,39,419630,0
5.7594,14,4,30425,0
5.7595,32,31,15610,0
5.7598,31,7,151869,0
5.7611,5,6,169608,0
5.7616,41,24,45940,0
5.7632,14,24,903665,0
5.7636,0,8,214822,0
5.7643,15,17,225499,0
5.7655,26,21,30831,0
5.7661,11,16,95010,0
5.7662,40,36,93718,0
5.7663,8,9,409707,0
5.767,31,33,134167,0
5.7675,27,23,16737,0
5.7682,8,11,10299316,0
5.7685,25,27,98574,0
5.7693,19,2,651688,0
5.7696,30,19,276180,0
5.7729,12,15,50383,0
5.7746,9,2,3256167,0
5.7748,2,22,361318,0
5.7753,25,27,44521,0
5.7757,21,22,547202,0
5.7763,29,28,410232,0
5.7778,27,22,19651,0
5.7782,24,29,165990,0
5.7815,1,34,66144,0
5.7817,36,38,37206,0
5.7822,40,30,21416,0
5.7824,37,38,63842,0
5.7826,23,22,56672,0
5.7841,16,12,54788,0
5.7849,39,24,87135,0
5.7853,7,10,88341,0
5.7853,11,7,6805,0
5.786,4,24,28555,0
5.786,29,2,141772,0
5.7862,15,1,15562,0
5.7873,29,28,5531,0
5.7884,0,24,3264353,0
5.7884,32,16,8412,0
5.7885,35,30,3583062,0
5.7887,41,37,27080,0
5.7891,0,23,3583,0
5.7921,41,36,6540,0
5.7924,39,38,979901,0
5.7927,35,31,386635,0
5.7945,18,29,14037,0
5.7957,24,29,126968,0
5.7968,28,26,971006,0
5.7972,0,9,151414,0
5.7973,0,14,59322,0
5.7973,19,21,11622,0
5.7985,29,9,482618,0
5.7986,8,0,25693,0
5.8014,33,4,101197,0
5.8015,20,22,36692,0
5.8027,21,23,66189,0
5.8036,11,21,74904,0
5.8046,32,35,92880,0
5.8048,22,27,16037,0
5.8082,37,41,4025,0
5.8088,15,12,162025,0
5.8097,12,16,100950,0
5.8113,39,41,120621,0
5.812,32,33,445733,0
5.8121,32,29,89435,0
5.8126,19,22,313966,0
5.8126,8,0,73650,0
5.8134,20,31,168913,0
5.814,19,16,578163,0
5.8143,38,6,118623,0
5.8146,19,31,442504,0
5.8149,14,16,95203,0
5.8156,29,3,221836,0
5.8176,17,34,135948,0
5.8184,13,1,3395223,0
5.8196,7,0,35766,0
5.8196,15,17,27984,0
5.821,8,11,148225,0
5.8214,19,2,270839,0
5.8214,8,9,265191,0
5.8217,20,22,213781,0
5.8224,40,36,20294,0
5.8224,28,0,5798223,0
5.824,13,12,40185,0
5.8241,16,37,931485,0
5.8248,36,39,141284,0
5.8252,34,33,4195,0
5.8257,15,12,659919,0
5.8262,17,16,34485,0
5.8269,12,15,139689,0
5.827,17,15,876860,0
5.8289,31,20,757158,0
5.829,33,22,1389074,0
5.8295,6,11,8241,0
5.831,12,16,279394,0
5.8317,32,17,181571,0
5.833,20,19,307888,0
5.8356,24,25,23208,0
5.8364,33,34,34278,0
5.8364,14,16,303220,0
5.8367,26,28,42137,0
5.8386,25,24,1943055,0
5.8389,2,19,51597,0
5.8391,9,11,239142,0
5.8402,7,19,241766,0
5.8416,19,23,120733,0
5.8416,16,12,235285,0
5.843,16,15,70772,0
5.8433,16,12,2000,0
5.8467,39,27,81291,0
5.8471,18,20,218447,0
5.8509,37,36,837131,0
5.851,2,18,305357,0
5.8513,1,8,20325,0
5.852,41,5,27334,0
5.8521,9,11,63602,0
5.8524,31,14,168255,0
5.8526,25,40,72119,0
5.8528,36,41,1660863,0
5.8531,7,9,76660,0
5.8535,17,27,33123,0
5.8542,20,27,18315,0
5.8542,29,8,364662,0
5.8542,31,10,210820,0
5.8542,11,10,28870,0
5.8543,4,22,70016,0
5.8543,21,4,70508,0
5.8551,36,38,13319,0
5.8553,8,28,159722,0
5.856,17,12,108418,0
5.8562,0,3,115700,0
5.8567,10,6,56146,0
5.8587,12,17,2450948,0
5.8594,41,40,4600,0
5.8611,25,3,263123,0
5.8615,13,8,33862,0
5.8623,38,5,437805,0
5.8632,31,4,128754,0
5.8654,16,12,80811,0
5.8666,33,12,490809,0
5.8679,2,20,6990,0
5.8686,20,22,98440,0
5.8704,30,4,79501,0
5.8706,28,11,215863,0
5.8713,19,24,1893512,0
5.8723,11,8,45743,0
5.8734,20,2,68699,0
5.8741,1,19,2126958,0
5.8766,25,27,92283,0
5.8787,38,37,34901,0
5.879,37,22,24971,0
5.8793,9,39,689387,0
5.8817,2,19,2473,0
5.8819,24,36,409159,0
5.8826,35,33,80712,0
5.8829,3,6,486356,0
5.8835,6,10,11802,0
5.8837,10,8,558339,0
5.8855,3,29,58474,0
5.8909,0,8,46766,0
5.8913,23,21,36638,0
5.8933,28,7,359551,0
5.8937,1,15,63437,0
5.8942,26,23,29050,0
5.8942,18,3,8427,0
5.8979,16,12,559968,0
5.9006,21,15,362076,0
5.9008,37,40,519258,0
5.901,22,19,93810,0
5.9015,21,11,20994,0
5.9021,10,9,13925,0
5.9023,3,28,174056,0
5.9025,30,33,11290,0
5.9029,28,13,46724,0
5.9032,34,4,9616,0
5.9035,17,13,35479,0
5.9042,37,39,761986,0
5.9049,15,12,605576,0
5.905,34,23,999002,0
5.906,25,27,3908530,0
5.9096,8,11,181136,0
5.9106,40,39,115438,0
5.9131,17,13,19138,0
5.9135,3,35,115617,0
5.9145,12,38,77406,0
5.915,22,2,438081,0
5.9152,4,31,268372,0
5.916,34,4,64852,0
5.9168,19,22,142801,0
5.917,15,12,304440,0
5.9173,41,1,107771,0
5.9174,1,14,24000,0
5.9175,9,14,149838,0
5.9191,25,7,262264,0
5.9196,22,23,825360,0
5.9196,28,8,5934,0
5.9222,28,27,3148906,0
5.9228,19,20,1410660,0
5.9238,6,0,3712,0
5.9247,14,13,338040,0
5.9252,29,20,96248,0
5.9254,10,23,12377,0
5.9256,5,41,75217,0
5.9258,33,32,11550110,0
5.926,33,32,121295,0
5.9262,9,0,103717,0
5.9262,28,3,2157380,0
5.9268,39,37,546583,0
5.9278,23,18,634794,0
5.9289,14,13,74922,0
5.929,39,5,8260,0
5.93,41,38,1323557,0
5.93,35,10,383492,0
5.9324,38,28,115345,0
5.9327,12,15,27854,0
5.9331,6,8,7688896,0
5.9338,41,31,19257,0
5.9342,4,33,732317,0
5.9353,8,7,22694,0
5.9381,2,20,369302,0
5.9409,5,41,22752,0
5.9412,29,3,16188,0
5.9428,8,29,42769,0
5.9432,25,4,670671,0
5.9446,29,25,105988,0
5.9451,27,34,67582,0
5.9451,26,25,35672,0
5.9456,39,40,273510,0
5.9458,28,26,95389,0
5.947,17,10,170359,0
5.9486,16,13,382867,0
5.9493,35,38,366961,0
5.9511,34,39,72958,0
5.9515,18,23,1590305,0
5.9516,0,18,74966,0
5.952,25,27,587514,0
5.9533,28,24,30269,0
5.9535,36,29,108514,0
5.9537,27,29,10265,0
5.956,6,29,134728,0
5.9567,15,17,237584,0
5.9576,13,15,7434,0
5.9584,22,8,37956,0
5.9597,41,25,21074,0
5.9602,41,39,5903362,0
5.9605,32,24,46704,0
5.9618,0,11,438892,0
5.9622,8,9,974221,0
5.9629,2,35,107451,0
5.9638,31,40,14642,0
5.964,19,23,17709,0
5.965,41,36,92669,0
5.9659,26,29,7005,0
5.9661,5,37,19112,0
5.967,30,23,36738,0
5.967,7,0,86341,0
5.9675,24,28,35165,0
5.9676,38,41,73235,0
5.968,23,2,63414,0
5.9696,28,16,35786,0
5.9705,35,33,182172,0
5.9712,21,22,393022,0
5.9719,18,22,1193963,0
5.974,10,34,37182,0
5.9752,15,11,212705,0
5.9758,34,30,32123,0
5.976,14,20,5062241,0
5.976,41,36,20706,0
5.9763,5,39,24317,0
5.9778,2,20,57159,0
5.9781,20,19,34341,0
5.9786,9,40,45236,0
5.9802,27,3,48748,0
5.9817,22,21,189935,0
5.9819,4,5,17167,0
5.9822,21,19,470270,0
5.9825,29,26,75446,0
5.9829,13,35,39285,0
5.9838,7,8,7940,0
5.9843,9,8,103801,0
5.9844,37,40,36149,0
5.9847,39,38,35961,0
5.985,19,17,140671,0
5.9874,20,2,181443,0
5.9878,21,19,326555,0
5.9892,16,25,1434964,0
5.9895,20,21,33639,0
5.9895,9,4,31318,0
5.9903,13,16,115803,0
5.9906,3,41,3380,0
5.9909,31,30,1277891,0
5.9911,6,0,205946,0
5.9913,33,5,27507,0
5.9929,39,37,2395064,0
5.9945,5,22,16594,0
5.9952,39,36,180977,0
5.999,40,5,333703,0
5.9994,8,12,760178,0
5.9995,8,24,183297,0
5.9996,6,10,938400,0
6.004,10,5,81797,0
6.0041,38,12,50229,0
6.0046,33,0,2985535,0
6.0047,22,26,515490,0
6.0057,5,10,905976,0
6.007,37,38,5474,0
6.0084,6,32,705615,0
6.0098,35,34,170390,0
6.0106,2,19,321904,0
6.0114,0,31,13902,0
6.0116,14,1,368499,0
6.0124,4,35,117880,0
6.0131,6,10,171378,0
6.0131,4,25,123128,0
6.0138,37,1,155954,0
6.0151,4,35,737684,0
6.0152,17,15,198711,0
6.0158,7,10,39618,0
6.0193,36,37,18011,0
6.0199,33,38,8937,0
6.0215,19,18,151733,0
6.0221,29,16,31248,0
6.0222,15,1,1051843,0
6.0224,5,21,248401,0
6.023,21,25,430976,0
6.0233,40,13,61194,0
6.0236,37,41,106192,0
6.0239,38,21,456515,0
6.0256,32,35,346069,0
6.0266,29,25,216722,0
6.0266,37,38,81611,0
6.0279,15,11,48342,0
6.0309,1,17,32226,0
6.0319,12,31,2091942,0
6.0321,3,27,110072,0
6.0324,3,28,156430,0
6.033,3,26,12767,0
6.0338,26,25,118271,0
6.0375,4,33,24461,0
6.0376,7,29,63039,0
6.0399,25,34,105540,0
6.0412,0,33,9289,0
6.0414,24,27,6176,0
6.0439,21,2,218937,0
6.047,40,5,63265,0
6.048,22,21,97535,0
6.0487,7,10,433610,0
6.0496,32,34,11999,0
6.0504,37,38,206236,0
6.0507,5,17,30738,0
6.0512,11,14,94648,0
6.0516,12,13,308805,0
6.0518,9,0,79068,0
6.053,33,30,179151,0
6.0543,3,38,27444,0
6.0544,33,40,17941,0
6.0555,27,37,637773,0
6.056,19,21,85963,0
6.0569,4,32,17381,0
6.0574,31,16,136099,0
6.0587,0,15,158071,0
6.0589,15,12,44249,0
6.0618,3,23,207967,0
6.0627,34,6,426007,0
6.064,36,39,20306,0
6.0644,35,34,2162041,0
6.0648,33,34,8541991,0
6.0676,39,36,168822,0
6.0678,14,12,408044,0
6.0686,5,36,686961,0
6.069,11,7,19683,0
6.0695,6,26,75069,0
6.0699,38,31,1405553,0
6.0701,28,27,494414,0
6.0706,14,12,250826,0
6.0715,17,16,15289,0
6.0718,7,9,61442,0
6.0724,5,27,174788,0
6.0734,10,32,63449,0
6.0744,0,37,65138,0
6.0747,12,15,26373,0
6.0751,38,31,18509,0
6.0774,8,10,49069,0
6.0776,23,18,11707,0
6.0777,40,39,1648556,0
6.078,13,14,560929,0
6.0783,16,1,78114,0
6.079,10,0,447231,0
6.0794,16,26,225988,0
6.0802,5,31,136486,0
6.0806,18,22,11111,0
6.0813,17,19,65924,0
6.0819,12,38,1286306,0
6.0823,11,7,139411,0
6.0824,29,25,12728,0
6.0827,22,19,62125,0
6.0829,39,5,41086,0
6.084,6,33,8670,0
6.0851,9,6,42752,0
6.0854,34,35,178928,0
6.0854,20,21,694523,0
6.0857,15,13,15127,0
6.0867,35,32,170930,0
6.087,14,2,59944,0
6.0894,35,34,14918,0
6.0905,12,15,3122056,0
6.0907,7,8,789349,0
6.0932,6,26,191092,0
6.0978,11,36,296286,0
6.0988,11,8,4530,0
6.0992,21,22,51232,0
6.0997,20,22,48905,0
6.1008,38,37,1872565,0
6.1028,34,35,102898,0
6.1039,25,12,472278,0
6.1049,16,17,264807,0
6.1057,19,18,933241,0
6.1068,26,27,91899,0
6.108,8,9,30954,0
6.1086,37,27,143917,0
6.1165,2,20,206589,0
6.1174,35,21,220528,0
6.1187,1,16,359902,0
6.12,13,37,8477,0
6.1203,35,17,286601,0
6.1206,7,11,14316,0
6.1209,25,23,12717,0
6.1209,32,4,4383286,0
6.1221,29,34,21330,0
6.1223,34,24,82121,0
6.1226,16,17,1224065,0
6.1231,15,5,20050,0
6.1238,34,4,223714,0
6.1241,11,4,107426,0
6.1249,3,26,65030,0
6.1256,34,32,31958,0
6.1272,31,18,139013,0
6.1277,14,34,14701,0
6.1282,25,26,165224,0
6.1291,13,17,490132,0
6.1315,23,8,106038,0
6.1315,32,3,37935,0
6.132,25,24,18195,0
6.1338,38,9,136521,0
6.1341,24,25,2223,0
6.1354,6,7,17310,0
6.1359,37,36,170490,0
6.1361,23,9,47390,0
6.1368,41,18,126516,0
6.1379,40,5,45990,0
6.1383,34,4,90019,0
6.1384,7,3,19613,0
6.1389,3,4,83136,0
6.141,27,28,20722,0
6.1415,29,26,36769,0
6.1437,15,29,316181,0
6.1482,41,29,42395,0
6.1487,8,7,35114,0
6.1494,11,10,143633,0
6.1495,34,9,10062,0
6.1503,16,17,160037,0
6.1541,6,19,3067,0
6.1552,16,36,155353,0
6.1552,5,37,67973,0
6.1568,4,15,19730,0
6.1573,37,36,200606,0
6.1578,23,14,1066764,0
6.1579,27,38,23740,0
6.1581,40,5,19847,0
6.1601,15,29,310703,0
6.1626,38,39,526558,0
6.1637,2,22,123854,0
6.1642,18,22,136945,0
6.1645,27,24,1271622,0
6.1651,3,26,90651,0
6.1651,19,37,132521,0
6.1651,18,20,7437,0
6.1657,17,13,39253,0
6.1658,31,3,255843,0
6.1667,10,7,34596,0
6.1672,24,34,146811,0
6.1676,30,4,11422,0
6.1683,24,29,20205,0
6.1685,2,20,55529,0
6.1686,32,35,557246,0
6.1705,13,16,64290,0
6.1705,29,15,45328,0
6.1706,22,20,2000,0
6.1707,5,19,1104876,0
6.1707,16,14,47522,0
6.1714,19,20,187432,0
6.172,4,35,85652,0
6.172,19,4,330147,0
6.1737,3,25,49455,0
6.174,21,0,20523,0
6.1743,21,2,25904,0
6.177,24,27,8931,0
6.1771,18,22,108833,0
6.1777,37,39,61675,0
6.1779,36,38,22134,0
6.1779,29,25,49970,0
6.1796,13,12,2000,0
6.1822,28,24,30760,0
6.1829,37,39,47106,0
6.1834,10,39,781409,0
6.1859,41,40,86149,0
6.1891,18,20,52990,0
6.1894,20,19,98322,0
6.1922,39,38,23162,0
6.1926,13,16,69686,0
6.193,6,33,35774,0
6.1936,19,31,112594,0
6.1938,27,7,127165,0
6.1948,14,13,63526,0
6.1959,8,10,106214,0
6.1991,20,6,53839,0
6.1998,38,30,83705,0
6.2001,23,22,51067,0
6.2001,11,26,134982,0
6.2004,39,37,202470,0
6.2013,21,31,198565,0
6.202,18,4,7827,0
6.202,31,21,63711,0
6.2023,10,7,9388,0
6.2054,18,5,67943,0
6.206,19,23,6802,0
6.2068,14,13,256241,0
6.2079,18,23,274581,0
6.208,0,7,937196,0
6.2083,13,9,190013,0
6.2103,10,11,95020,0
6.211,23,22,29610,0
6.2111,41,38,14458,0
6.2113,41,37,53809,0
6.2118,35,33,142545,0
6.2135,17,7,69046,0
6.2142,30,32,49927,0
6.2145,15,37,933799,0
6.218,38,10,41632,0
6.2196,19,27,68881,0
6.2204,2,23,1744120,0
6.2214,10,9,1273827,0
6.222,25,26,1051142,0
6.2232,24,27,4853655,0
6.2234,4,10,1083521,0
6.2237,24,15,14628,0
6.225,26,25,443306,0
6.2266,30,4,13459,0
6.2275,13,10,20029,0
6.2297,4,30,436626,0
6.2298,5,37,43135,0
6.2319,9,26,93949,0
6.2321,21,19,66757,0
6.2324,18,20,47615,0
6.2342,19,3,190675,0
6.2356,21,2,198747,0
6.2356,33,18,350130,0
6.2357,27,29,57145,0
6.2358,38,37,10774,0
6.2359,37,4,440249,0
6.2361,23,2,232231,0
6.2365,23,16,1054664,0
6.2366,22,12,37464,0
6.2382,14,17,59460,0
6.2422,36,41,200089,0
6.2424,11,7,1723184,0
6.2429,25,26,2227629,0
6.243,41,38,89637,0
6.2437,32,30,129227,0
6.2442,20,23,11740,0
6.246,19,22,653483,0
6.2491,17,12,109076,0
6.2497,8,15,236634,0
6.2507,30,9,68898,0
6.252,0,10,27380,0
6.2527,17,16,19393,0
6.2537,39,0,2918036,0
6.2542,16,11,4380,0
6.2556,15,14,242482,0
6.2563,41,38,3121,0
6.2576,14,41,2048844,0
6.2595,32,28,8797106,0
6.2629,24,26,54317,0
6.2653,34,32,221272,0
6.269,30,34,369767,0
6.2695,4,30,229534,0
6.272,5,36,536051,0
6.273,18,22,408704,0
6.2761,20,19,758170,0
6.2768,4,35,63477,0
6.277,13,14,76740,0
6.2772,10,11,27489,0
6.2778,12,16,2000,0
6.2794,35,33,2719,0
6.2801,32,30,71217,0
6.281,22,21,163242,0
6.281,27,3,150214,0
6.283,24,18,47035,0
6.285,18,12,471460,0
6.2851,34,14,117740,0
6.2852,11,7,445137,0
6.2873,22,41,237381,0
6.2876,28,24,31286,0
6.2883,39,5,698720,0
6.2904,30,31,274097,0
6.2908,7,11,29176,0
6.291,38,36,3597,0
6.2921,22,2,62518,0
6.2928,23,18,128129,0
6.2928,3,39,2312,0
6.2936,14,28,522951,0
6.295,8,17,111958,0
6.2954,30,38,60227,0
6.2961,10,9,152460,0
6.2961,33,27,273730,0
6.2965,13,18,88283,0
6.2966,34,32,36236,0
6.2982,1,9,896728,0
6.2991,35,2,30424,0
6.2993,2,29,12835,0
6.3007,23,22,588990,0
6.3011,32,30,18852,0
6.3011,28,3,404653,0
6.3018,26,17,411416,0
6.3019,27,37,265229,0
6.3021,13,12,7784,0
6.3032,1,17,24708,0
6.3039,16,15,194572,0
6.3047,18,23,121207,0
6.3051,11,8,6254,0
6.3054,36,38,2055136,0
6.3063,9,23,73899,0
6.3067,2,20,52590,0
6.308,31,40,90687,0
6.3084,25,26,100283,0
6.3092,39,1,3334,0
6.3092,28,21,39088,0
6.3111,6,3,96703,0
6.3123,16,37,201472,0
6.3131,4,25,73201,0
6.3144,34,37,37119,0
6.3146,12,14,26672,0
6.3157,6,0,10393,0
6.3161,40,29,165878,0
6.3167,4,29,34915,0
6.3177,5,3,548642,0
6.3184,27,3,18072,0
6.3191,10,21,160193,0
6.3204,32,35,25332,0
6.321,6,39,21847,0
6.321,3,27,105168,0
6.3221,34,33,71562,0
6.3227,39,11,132667,0
6.3227,8,20,158016,0
6.3232,5,39,2987548,0
6.3241,6,11,157251,0
6.3253,33,31,231044,0
6.3257,3,20,452916,0
6.3259,16,1,60951,0
6.3263,5,40,2000,0
6.3271,40,5,244756,0
6.3272,12,15,20764,0
6.3288,28,35,184781,0
6.3294,8,33,88756,0
6.3302,23,19,250538,0
6.3312,20,12,296122,0
6.3315,33,35,388017,0
6.3317,21,16,9247,0
6.3328,8,0,6165,0
6.3328,32,34,534919,0
6.3329,0,8,57057,0
6.333,3,11,344864,0
6.3331,17,22,483132,0
6.3353,10,6,12292,0
6.3363,38,40,322409,0
6.3379,24,28,76385,0
6.3388,23,22,288985,0
6.339,11,10,23080,0
6.3392,21,22,35947,0
6.3397,15,17,312301,0
6.3432,8,41,119182,0
6.3435,38,20,96247,0
6.3456,30,6,1179931,0
6.3456,11,8,48335,0
6.3461,32,4,16995,0
6.3474,28,33,237169,0
6.3484,40,39,48886,0
6.3487,15,36,1014306,0
6.3499,16,29,233989,0
6.3501,26,41,26195,0
6.3505,23,18,8978,0
6.3506,18,8,45149,0
6.3508,40,37,184515,0
6.3508,35,30,1152953,0
6.3509,34,33,50178,0
6.3517,17,25,55869,0
6.3522,9,5,35440,0
6.3527,3,27,116167,0
6.353,41,27,242056,0
6.3536,27,29,6787,0
6.3545,31,4,9967,0
6.3554,21,20,32756,0
6.356,10,22,416106,0
6.3572,29,3,65551,0
6.3575,2,23,150865,0
6.3578,1,12,126165,0
6.3578,32,40,48018,0
6.3579,18,22,34947,0
6.3591,34,32,210485,0
6.36,1,17,96274,0
6.36,1,9,28812,0
6.36,12,17,101658,0
6.3604,38,33,34150,0
6.3624,14,1,665386,0
6.3625,34,35,140231,0
6.3628,10,6,46559,0
6.3635,15,20,13797,0
6.3636,41,29,454286,0
6.3646,31,24,405516,0
6.3649,29,24,49565,0
6.3684,39,37,54270,0
6.3688,24,4,582697,0
6.3691,35,4,1195115,0
6.3725,20,11,31691,0
6.3733,19,23,32371,0
6.374,6,7,76458,0
6.3746,33,29,43448,0
6.3747,3,28,164526,0
6.3747,35,2,608961,0
6.3767,8,0,75487,0
6.3771,22,18,79809,0
6.3777,32,35,7584,0
6.3796,41,20,697619,0
6.3804,36,35,5093,0
6.3806,26,41,10800,0
6.3836,38,37,646464,0
6.3852,9,11,120711,0
6.3858,1,36,445787,0
6.3859,23,18,455189,0
6.3859,16,14,15951,0
6.386,38,41,1703295,0
6.388,41,0,9090,0
6.3883,25,24,189514,0
6.3893,17,1,2422387,0
6.3898,24,28,32205,0
6.3904,17,13,23614,0
6.3917,12,19,291593,0
6.396,0,10,7370,0
6.396,26,28,11824,0
6.3965,7,15,1596483,0
6.397,18,22,321167,0
6.3973,40,39,3971364,0
6.3978,37,26,56283,0
6.3979,3,27,33709,0
6.3981,8,11,59640,0
6.3982,17,16,141364,0
6.3983,9,23,7816,0
6.3986,18,10,24776,0
6.4002,4,30,70538,0
6.4003,35,16,366487,0
6.4023,5,27,180907,0
6.404,39,37,106682,0
6.4048,14,28,16941,0
6.4081,18,39,18399,0
6.4081,15,5,266149,0
6.4089,33,28,86008,0
6.4092,25,26,192706,0
6.4092,6,33,33040,0
6.4116,30,15,18759,0
6.4136,23,20,36247,0
6.4144,11,9,2990565,0
6.4145,6,15,107431,0
6.4158,32,35,63447,0
6.4182,39,36,193643,0
6.4182,12,15,3038784,0
6.4187,13,36,129353,0
6.42,28,29,141228,0
6.4214,31,35,1236165,0
6.4218,27,23,12907,0
6.4226,4,31,39692,0
6.4265,26,28,152275,0
6.4267,8,7,15285,0
6.4287,39,41,70367,0
6.4297,32,34,275127,0
6.4312,41,40,68448,0
6.4315,4,35,892870,0
6.4338,5,18,235089,0
6.4343,40,5,1465442,0
6.4352,39,37,2945050,0
6.4357,15,40,228485,0
6.4375,5,41,21794,0
6.4392,32,10,63351,0
6.4408,23,6,77566,0
6.441,21,10,520598,0
6.4414,19,14,18616,0
6.4417,29,5,47549,0
6.4422,6,9,91830,0
6.4425,17,7,477680,0
6.4438,25,26,209920,0
6.4452,36,5,497695,0
6.4477,41,40,10940,0
6.4494,20,18,548806,0
6.4501,2,5,298075,0
6.4526,12,13,31754,0
6.4531,15,12,65521,0
6.4537,19,4,45921,0
6.4538,4,34,2000,0
6.4548,12,15,6300,0
6.4548,13,14,79494,0
6.4575,18,23,542652,0
6.4579,1,15,934050,0
6.4582,13,20,115597,0
6.4597,39,41,23834,0
6.4597,5,39,316177,0
6.4621,1,10,141686,0
6.4622,36,41,1996232,0
6.4638,30,32,15073,0
6.4646,20,22,47458,0
6.4657,8,0,89139,0
6.4658,13,16,47081,0
6.4663,28,26,79263,0
6.469,33,21,345315,0
6.469,18,23,3191949,0
6.4697,28,29,221428,0
6.4697,27,29,806918,0
6.4708,26,20,337289,0
6.4724,7,6,28902,0
6.4745,38,36,89787,0
6.475,17,12,23450,0
6.4754,10,8,58659,0
6.4782,23,20,229378,0
6.4785,21,2,46525,0
6.479,21,23,280382,0
6.4792,25,28,45408,0
6.4794,5,39,1490637,0
6.4795,34,31,221414,0
6.4802,19,2,410765,0
6.4808,32,23,40857,0
6.482,7,37,2088278,0
6.4824,21,41,43282,0
6.4831,15,0,746465,0
6.4853,10,8,356528,0
6.4854,0,5,187718,0
6.4857,34,31,93208,0
6.4863,29,27,14610,0
6.4874,17,1,911854,0
6.4874,14,16,49463,0
6.4884,17,1,18775,0
6.4896,35,4,58509,0
6.49,35,30,27727,0
6.4906,35,4,60151,0
6.4909,3,25,78764,0
6.4916,6,9,273232,0
6.4919,13,12,351214,0
6.4925,2,17,140588,0
6.4942,33,31,431683,0
6.4942,29,3,38845,0
6.4943,12,6,3208,0
6.4944,0,21,420538,0
6.4948,22,31,555011,0
6.497,37,31,27036,0
6.4977,11,9,5676205,0
6.4977,11,14,34645,0
6.4983,32,37,199007,0
6.4992,24,4,37818,0
6.4994,20,23,729962,0
